order_id,date,region,channel,category,status,units,revenue,cost,processing_hours
OP-00001,2026-07-16,La Araucanía,Ejecutivo,Equipamiento,Completada,3.0,670652.0,487675.0,54.11
OP-00002,2026-03-15,Metropolitana,Ejecutivo,Servicios,Completada,5.0,459720.0,270124.0,17.31
OP-00003,2026-05-12,Valparaíso,Ejecutivo,Equipamiento,Completada,3.0,508613.0,387091.0,8.98
OP-00004,2026-04-01,Valparaíso,Ejecutivo,Servicios,Completada,4.0,413700.0,258176.0,14.19
OP-00005,2026-06-03,La Araucanía,Web,Insumos,Completada,4.0,175400.0,128563.0,23.4
OP-00006,2026-08-29,Biobío,Ejecutivo,Insumos,Completada,3.0,146228.0,98311.0,12.1
OP-00007,2026-08-15,Metropolitana,Web,Insumos,Completada,1.0,78233.0,56369.0,14.98
OP-00008,2026-05-06,Valparaíso,Web,Insumos,Completada,4.0,153085.0,102345.0,10.13
OP-00009,2026-05-23,Biobío,Ejecutivo,Insumos,Completada,6.0,213956.0,150706.0,28.03
OP-00010,2026-03-03,Antofagasta,Web,Insumos,Completada,5.0,228725.0,150418.0,16.33
OP-00011,2026-04-13,Maule,Web,Servicios,Completada,4.0,351436.0,208596.0,12.42
OP-00012,2026-06-24,Biobío,Marketplace,Servicios,Completada,2.0,145342.0,84041.0,11.3
OP-00013,2026-04-14,Metropolitana,Web,Insumos,Completada,3.0,160260.0,111311.0,17.83
OP-00014,2026-02-12,Valparaíso,Web,Insumos,Completada,3.0,129598.0,86619.0,25.81
OP-00015,2026-06-14,Metropolitana,Marketplace,Equipamiento,Completada,3.0,617704.0,434399.0,20.19
OP-00016,2026-03-14,Metropolitana,Ejecutivo,Equipamiento,Completada,6.0,1025292.0,754432.0,47.22
OP-00017,2026-07-08,Valparaíso,Web,Servicios,Completada,7.0,596956.0,340028.0,14.74
OP-00018,2026-08-10,Maule,Ejecutivo,Equipamiento,Completada,1.0,125338.0,91714.0,29.58
OP-00019,2026-05-03,Metropolitana,Ejecutivo,Equipamiento,Completada,2.0,304451.0,223994.0,9.9
OP-00020,2026-08-09,Biobío,Ejecutivo,Servicios,Completada,3.0,200710.0,116547.0,11.84
OP-00021,2026-05-31,Biobío,Ejecutivo,Insumos,Completada,4.0,219783.0,152731.0,16.95
OP-00022,2026-08-09,Valparaíso,,Equipamiento,Pendiente,7.0,1201472.0,878610.0,8.05
OP-00023,2026-07-31,Valparaíso,Web,Servicios,Completada,1.0,72846.0,42519.0,15.63
OP-00024,2026-04-15,Valparaíso,Web,Servicios,Completada,4.0,482372.0,265722.0,13.72
OP-00025,2026-08-26,Biobío,Web,Equipamiento,Completada,1.0,108178.0,80449.0,22.98
OP-00026,2026-07-10,Maule,Web,Repuestos,Cancelada,8.0,928992.0,768147.0,45.9
OP-00027,2026-02-24,Biobío,Marketplace,Insumos,Completada,4.0,241932.0,180755.0,23.7
OP-00028,2026-05-05,Biobío,Marketplace,Equipamiento,Completada,5.0,881688.0,621602.0,17.56
OP-00029,2026-05-04,Metropolitana,Web,Servicios,Completada,3.0,275429.0,169429.0,9.19
OP-00030,2026-02-01,Biobío,Web,Equipamiento,Completada,8.0,1304871.0,967647.0,10.79
OP-00031,2026-01-02,Antofagasta,Marketplace,Equipamiento,Completada,1.0,259775.0,203332.0,16.18
OP-00032,2026-08-07,Maule,Web,Equipamiento,Completada,8.0,1468729.0,,23.42
OP-00033,2026-05-13,Metropolitana,Ejecutivo,Equipamiento,Cancelada,5.0,781107.0,528388.0,36.11
OP-00034,2026-07-13,Metropolitana,Ejecutivo,Servicios,Completada,9.0,736539.0,413074.0,14.01
OP-00035,2026-08-05,Metropolitana,Web,Servicios,Completada,4.0,224277.0,139484.0,16.47
OP-00036,2026-03-01,Metropolitana,Ejecutivo,Insumos,Completada,5.0,295511.0,204493.0,15.14
OP-00037,2026-05-02,Metropolitana,Web,Servicios,Completada,6.0,426655.0,246621.0,13.51
OP-00038,2026-01-13,Valparaíso,Ejecutivo,Insumos,Completada,5.0,330843.0,235031.0,9.61
OP-00039,2026-05-27,Maule,,Equipamiento,Completada,5.0,706883.0,506305.0,25.11
OP-00040,2026-07-11,Metropolitana,Ejecutivo,Insumos,Completada,4.0,148982.0,103238.0,8.9
OP-00041,2026-03-09,Valparaíso,Web,Insumos,Completada,6.0,274742.0,184440.0,11.31
OP-00042,2026-08-13,Metropolitana,Marketplace,Repuestos,Cancelada,3.0,409422.0,357521.0,17.75
OP-00043,2026-04-14,Metropolitana,Teléfono,Servicios,Completada,3.0,270625.0,151542.0,17.49
OP-00044,2026-02-24,Valparaíso,Web,Insumos,Completada,1.0,64650.0,43460.0,9.15
OP-00045,2026-06-20,Metropolitana,Ejecutivo,Equipamiento,Completada,4.0,666765.0,456441.0,21.96
OP-00046,2026-07-11,Valparaíso,Teléfono,Servicios,Completada,4.0,458309.0,264481.0,27.28
OP-00047,2026-06-13,Biobío,Teléfono,Servicios,Completada,3.0,236631.0,127393.0,11.79
OP-00048,2026-04-21,Metropolitana,Web,Insumos,Completada,8.0,390415.0,255380.0,20.27
OP-00049,2026-06-15,Valparaíso,Web,Repuestos,Completada,3.0,405743.0,304626.0,22.82
OP-00050,2026-08-04,Biobío,Ejecutivo,Insumos,Completada,6.0,283372.0,193911.0,8.66
OP-00051,2026-03-08,Metropolitana,Ejecutivo,Equipamiento,Completada,4.0,860593.0,654510.0,8.71
OP-00052,2026-08-05,Antofagasta,Web,Equipamiento,Completada,6.0,1008355.0,715296.0,12.26
OP-00053,2026-01-19,Metropolitana,Web,Equipamiento,Completada,4.0,750513.0,570309.0,15.87
OP-00054,2026-05-23,La Araucanía,Ejecutivo,Insumos,Completada,3.0,173205.0,126235.0,30.73
OP-00055,2026-01-03,Biobío,Web,Servicios,Completada,1.0,83312.0,49135.0,14.3
OP-00056,2026-03-15,Metropolitana,Marketplace,Equipamiento,Completada,2.0,441036.0,318017.0,29.81
OP-00057,2026-04-17,Metropolitana,Ejecutivo,Servicios,Completada,2.0,192893.0,119858.0,20.01
OP-00058,2026-06-12,Maule,Marketplace,Repuestos,Completada,6.0,822174.0,672554.0,12.31
OP-00059,2026-07-05,Metropolitana,Ejecutivo,Equipamiento,Completada,5.0,600595.0,430344.0,13.52
OP-00060,2026-02-26,Biobío,Web,Repuestos,Completada,3.0,,349828.0,25.0
OP-00061,2026-01-15,Metropolitana,Web,Insumos,Completada,3.0,124328.0,80808.0,18.41
OP-00062,2026-08-02,Metropolitana,Ejecutivo,Servicios,Completada,5.0,524690.0,293322.0,24.65
OP-00063,2026-06-19,La Araucanía,Marketplace,Insumos,Completada,4.0,169033.0,122873.0,31.77
OP-00064,2026-08-09,Metropolitana,Web,Repuestos,Completada,2.0,304892.0,241030.0,20.88
OP-00065,2026-03-07,Antofagasta,Web,Equipamiento,Cancelada,5.0,904026.0,677433.0,12.79
OP-00066,2026-06-10,Valparaíso,Teléfono,Equipamiento,Completada,4.0,661238.0,486264.0,24.27
OP-00067,2026-08-24,Biobío,Ejecutivo,Insumos,Completada,2.0,107542.0,73905.0,14.49
OP-00068,2026-06-16,Metropolitana,Web,Insumos,Completada,1.0,54403.0,37353.0,22.29
OP-00069,2026-08-24,Metropolitana,Web,Insumos,Completada,6.0,393595.0,265229.0,29.05
OP-00070,2026-03-15,Maule,Ejecutivo,Insumos,Completada,6.0,332390.0,219090.0,37.43
OP-00071,2026-07-16,Antofagasta,Web,Equipamiento,Completada,5.0,1137528.0,772793.0,16.4
OP-00072,2026-05-09,Valparaíso,Marketplace,Insumos,Completada,5.0,344208.0,233192.0,17.81
OP-00073,2026-03-11,Metropolitana,Ejecutivo,Equipamiento,Completada,3.0,548898.0,392732.0,12.26
OP-00074,2026-02-13,Antofagasta,Web,Insumos,Completada,2.0,114324.0,75008.0,18.86
OP-00075,2026-03-07,Metropolitana,Marketplace,Equipamiento,Completada,6.0,996014.0,746329.0,13.27
OP-00076,2026-07-08,Metropolitana,Teléfono,Equipamiento,Completada,8.0,1577950.0,1188347.0,17.39
OP-00077,2026-05-02,Metropolitana,,Servicios,Cancelada,4.0,383899.0,235088.0,14.86
OP-00078,2026-07-03,Valparaíso,Marketplace,Insumos,Completada,4.0,269195.0,182430.0,10.17
OP-00079,2026-08-24,Biobío,Ejecutivo,Repuestos,Cancelada,2.0,196810.0,156578.0,24.36
OP-00080,2026-02-10,Antofagasta,Web,Equipamiento,Cancelada,6.0,1434816.0,1028573.0,7.42
OP-00081,2026-07-28,Metropolitana,Web,Repuestos,Completada,9.0,970837.0,781600.0,13.03
OP-00082,2026-03-04,Maule,Web,Insumos,Completada,2.0,127737.0,83082.0,8.33
OP-00083,2026-01-09,Metropolitana,Ejecutivo,Equipamiento,Completada,5.0,764208.0,514815.0,10.96
OP-00084,2026-07-08,Metropolitana,Marketplace,Repuestos,Completada,2.0,359927.0,321576.0,22.79
OP-00085,2026-04-02,Metropolitana,Ejecutivo,Servicios,Completada,4.0,229507.0,144833.0,22.68
OP-00086,2026-06-12,La Araucanía,,Insumos,Completada,3.0,206204.0,147282.0,27.83
OP-00087,2026-05-14,Maule,Marketplace,Insumos,Completada,3.0,172378.0,125329.0,17.64
OP-00088,2026-01-06,Maule,Ejecutivo,Insumos,Completada,4.0,196806.0,133297.0,21.55
OP-00089,2026-04-16,Metropolitana,Marketplace,Servicios,Completada,7.0,561091.0,349483.0,24.75
OP-00090,2026-04-10,Valparaíso,Web,Equipamiento,Completada,3.0,531062.0,358121.0,14.49
OP-00091,2026-07-17,Antofagasta,Web,Equipamiento,Completada,1.0,157969.0,122931.0,16.64
OP-00092,2026-05-26,Metropolitana,Ejecutivo,Servicios,Completada,5.0,426270.0,243959.0,26.34
OP-00093,2026-04-13,Metropolitana,Ejecutivo,Repuestos,Completada,6.0,872802.0,725803.0,15.21
OP-00094,2026-04-06,Valparaíso,,Servicios,Completada,3.0,183197.0,100383.0,14.86
OP-00095,2026-03-16,Metropolitana,Ejecutivo,Equipamiento,Pendiente,3.0,578703.0,415251.0,11.37
OP-00096,2026-02-03,Metropolitana,Ejecutivo,Equipamiento,Cancelada,3.0,483343.0,343252.0,11.21
OP-00097,2026-06-01,Metropolitana,Web,Equipamiento,Completada,5.0,885071.0,614764.0,22.73
OP-00098,2026-08-04,Metropolitana,Marketplace,Insumos,Completada,2.0,125911.0,93262.0,13.13
OP-00099,2026-02-11,La Araucanía,Web,Insumos,Completada,8.0,,244008.0,53.31
OP-00100,2026-08-16,Metropolitana,Web,Equipamiento,Completada,3.0,681103.0,446165.0,18.33
OP-00101,2026-06-28,Metropolitana,Ejecutivo,Servicios,Completada,3.0,437898.0,279307.0,8.03
OP-00102,2026-06-25,Biobío,Web,Equipamiento,Completada,4.0,905436.0,622651.0,24.5
OP-00103,2026-06-24,Metropolitana,Marketplace,Equipamiento,Completada,2.0,374910.0,277013.0,24.92
OP-00104,2026-07-25,Metropolitana,Marketplace,Insumos,Completada,3.0,94909.0,69096.0,16.37
OP-00105,2026-04-12,Biobío,Web,Servicios,Cancelada,1.0,95617.0,58465.0,8.9
OP-00106,2026-04-21,Metropolitana,Ejecutivo,Equipamiento,Completada,2.0,418682.0,297011.0,15.66
OP-00107,2026-05-18,Antofagasta,Marketplace,Servicios,Completada,3.0,333200.0,195064.0,19.35
OP-00108,2026-07-22,Metropolitana,Ejecutivo,Insumos,Completada,2.0,120381.0,78440.0,148.78
OP-00109,2026-05-08,Metropolitana,Marketplace,Equipamiento,Completada,4.0,932543.0,712680.0,14.52
OP-00110,2026-04-05,Valparaíso,Ejecutivo,Repuestos,Completada,3.0,382596.0,325220.0,30.18
OP-00111,2026-07-06,Valparaíso,Ejecutivo,Equipamiento,Completada,6.0,1120432.0,822208.0,27.55
OP-00112,2026-08-06,Antofagasta,Ejecutivo,Repuestos,Completada,6.0,599339.0,492559.0,19.5
OP-00113,2026-05-30,Valparaíso,Teléfono,Servicios,Completada,5.0,393319.0,228354.0,12.62
OP-00114,2026-02-10,La Araucanía,Ejecutivo,Insumos,Completada,6.0,366081.0,261094.0,39.34
OP-00115,2026-02-21,Biobío,Ejecutivo,Servicios,Pendiente,5.0,435616.0,251914.0,23.4
OP-00116,2026-08-30,Metropolitana,Ejecutivo,Equipamiento,Completada,1.0,152709.0,108776.0,15.59
OP-00117,2026-05-14,Metropolitana,Web,Servicios,Completada,4.0,476413.0,276019.0,19.5
OP-00118,2026-01-20,Biobío,Web,Repuestos,Completada,4.0,492228.0,439536.0,14.54
OP-00119,2026-06-23,Metropolitana,Ejecutivo,Servicios,Completada,6.0,621202.0,360076.0,19.53
OP-00120,2026-04-18,Metropolitana,Web,,Completada,3.0,384761.0,304989.0,24.51
OP-00121,2026-07-02,Valparaíso,Teléfono,Insumos,Completada,8.0,526320.0,368877.0,42.67
OP-00122,2026-05-03,Metropolitana,Web,Insumos,Completada,8.0,486270.0,337991.0,14.79
OP-00123,2026-07-18,Biobío,Teléfono,Repuestos,Completada,7.0,695443.0,556144.0,35.03
OP-00124,2026-05-05,Biobío,Marketplace,Insumos,Completada,3.0,166050.0,118733.0,13.37
OP-00125,2026-08-15,Valparaíso,Web,Servicios,Completada,6.0,454209.0,266667.0,20.56
OP-00126,2026-07-30,Valparaíso,Web,Insumos,Completada,3.0,172750.0,127343.0,23.35
OP-00127,2026-05-14,Metropolitana,Web,Repuestos,Completada,4.0,523884.0,427515.0,24.71
OP-00128,2026-02-11,Metropolitana,Web,Insumos,Completada,4.0,278344.0,200222.0,15.48
OP-00129,2026-08-01,Valparaíso,Ejecutivo,Insumos,Completada,4.0,224601.0,160724.0,21.31
OP-00130,2026-04-07,Metropolitana,Web,Insumos,Completada,6.0,351942.0,246822.0,12.17
OP-00131,2026-02-11,Maule,Ejecutivo,Insumos,Completada,4.0,155158.0,103960.0,16.1
OP-00132,2026-01-03,Metropolitana,Marketplace,Servicios,Pendiente,4.0,316121.0,199543.0,12.59
OP-00133,2026-08-05,Maule,Web,Repuestos,Completada,3.0,484204.0,393256.0,24.62
OP-00134,2026-02-14,Metropolitana,Ejecutivo,Insumos,Completada,5.0,392036.0,262771.0,14.84
OP-00135,2026-07-31,Valparaíso,Web,Repuestos,Completada,3.0,403216.0,341822.0,25.8
OP-00136,2026-05-08,Metropolitana,Web,Insumos,Completada,6.0,298714.0,209888.0,15.83
OP-00137,2026-05-11,Valparaíso,Ejecutivo,Servicios,Completada,3.0,237764.0,132338.0,16.57
OP-00138,2026-05-21,Metropolitana,,Equipamiento,Completada,3.0,697427.0,514738.0,12.83
OP-00139,2026-01-31,Metropolitana,Ejecutivo,Equipamiento,Completada,1.0,197528.0,149079.0,33.29
OP-00140,2026-05-13,Maule,Web,Insumos,Completada,4.0,184401.0,125776.0,7.96
OP-00141,2026-08-10,Valparaíso,Web,Servicios,Completada,4.0,333195.0,199890.0,15.93
OP-00142,2026-02-13,La Araucanía,Web,Repuestos,Completada,2.0,259830.0,226445.0,42.45
OP-00143,2026-02-18,Metropolitana,Ejecutivo,Insumos,Completada,5.0,340432.0,248475.0,11.25
OP-00144,2026-05-09,Metropolitana,Web,Insumos,Completada,10.0,834035.0,550486.0,16.52
OP-00145,2026-07-27,Valparaíso,Marketplace,Servicios,Completada,2.0,171055.0,98194.0,19.37
OP-00146,2026-07-12,Biobío,Marketplace,Repuestos,Pendiente,1.0,86562.0,69988.0,18.89
OP-00147,2026-07-16,Antofagasta,Ejecutivo,Repuestos,Cancelada,4.0,651679.0,525075.0,39.35
OP-00148,2026-05-17,Maule,Ejecutivo,Insumos,Completada,4.0,157907.0,104801.0,8.88
OP-00149,2026-04-12,Metropolitana,Marketplace,Equipamiento,Completada,5.0,887805.0,666798.0,28.25
OP-00150,2026-02-08,Metropolitana,Marketplace,Servicios,Completada,7.0,677455.0,405066.0,23.68
OP-00151,2026-06-05,Metropolitana,Teléfono,Equipamiento,Completada,8.0,1351246.0,966981.0,34.5
OP-00152,2026-07-28,Biobío,Ejecutivo,Repuestos,Completada,4.0,477120.0,388608.0,31.34
OP-00153,2026-07-24,La Araucanía,Teléfono,Repuestos,Pendiente,4.0,605977.0,536360.0,29.51
OP-00154,2026-04-11,Metropolitana,Marketplace,Insumos,Completada,6.0,304383.0,239612.0,11.56
OP-00155,2026-03-21,Metropolitana,Ejecutivo,Insumos,Completada,1.0,65760.0,46592.0,18.29
OP-00156,2026-08-30,Metropolitana,Web,Insumos,Completada,2.0,101540.0,72362.0,5.78
OP-00157,2026-06-07,Metropolitana,Teléfono,Repuestos,Completada,3.0,612136.0,475365.0,25.16
OP-00158,2026-08-06,Metropolitana,Ejecutivo,Repuestos,Completada,3.0,543440.0,423616.0,13.12
OP-00159,2026-06-17,Maule,Web,Servicios,Pendiente,5.0,337617.0,184547.0,14.45
OP-00160,2026-05-04,Metropolitana,Web,Repuestos,Completada,4.0,499604.0,426521.0,22.08
OP-00161,2026-08-21,La Araucanía,Ejecutivo,Insumos,Pendiente,3.0,146908.0,106255.0,14.85
OP-00162,2026-07-06,Metropolitana,Marketplace,Insumos,Completada,3.0,214765.0,155641.0,10.73
OP-00163,2026-05-24,Biobío,Web,Servicios,Completada,5.0,432391.0,268060.0,12.93
OP-00164,2026-04-17,Maule,Ejecutivo,Servicios,Completada,5.0,463346.0,267544.0,17.94
OP-00165,2026-03-06,Valparaíso,Ejecutivo,Insumos,Completada,7.0,422032.0,290256.0,14.01
OP-00166,2026-04-02,Valparaíso,Ejecutivo,Repuestos,Completada,3.0,499142.0,408870.0,13.78
OP-00167,2026-05-14,Metropolitana,Teléfono,Servicios,Pendiente,1.0,119515.0,66165.0,26.12
OP-00168,2026-01-11,Metropolitana,Web,Servicios,Completada,5.0,369153.0,214603.0,27.0
OP-00169,2026-05-15,Valparaíso,Web,Equipamiento,Completada,3.0,640770.0,477800.0,9.98
OP-00170,2026-03-08,Metropolitana,Marketplace,Servicios,Completada,9.0,860800.0,525742.0,19.88
OP-00171,2026-08-15,Biobío,Web,Equipamiento,Completada,6.0,1425103.0,1030391.0,15.41
OP-00172,2026-02-20,Metropolitana,Teléfono,Insumos,Cancelada,5.0,274960.0,182732.0,14.25
OP-00173,2026-06-22,Maule,Ejecutivo,Insumos,Pendiente,8.0,420775.0,280313.0,22.97
OP-00174,2026-03-11,Metropolitana,Ejecutivo,Equipamiento,Cancelada,10.0,1761159.0,1299101.0,14.46
OP-00175,2026-06-17,Metropolitana,Web,Insumos,Cancelada,6.0,423020.0,,36.57
OP-00176,2026-02-26,Metropolitana,Ejecutivo,Repuestos,Completada,1.0,106509.0,83624.0,8.28
OP-00177,2026-05-15,Metropolitana,Web,Insumos,Completada,6.0,278862.0,174838.0,10.71
OP-00178,2026-05-23,Metropolitana,Marketplace,Insumos,Completada,6.0,265225.0,181009.0,10.42
OP-00179,2026-05-03,Valparaíso,Marketplace,Servicios,Completada,5.0,523259.0,293857.0,12.47
OP-00180,2026-08-11,Metropolitana,Web,Equipamiento,Completada,3.0,626266.0,465361.0,16.22
OP-00181,2026-06-19,Antofagasta,Ejecutivo,Equipamiento,Completada,3.0,551493.0,385377.0,16.11
OP-00182,2026-07-03,Metropolitana,Web,Insumos,Completada,3.0,143581.0,101328.0,18.95
OP-00183,2026-04-01,Metropolitana,Web,Equipamiento,Completada,4.0,766327.0,538307.0,8.1
OP-00184,2026-08-08,La Araucanía,Ejecutivo,Equipamiento,Completada,6.0,1070223.0,835271.0,18.4
OP-00185,2026-04-22,Metropolitana,Web,Insumos,Completada,7.0,303708.0,196785.0,13.5
OP-00186,2026-07-14,Metropolitana,Web,Equipamiento,Completada,3.0,640049.0,479230.0,14.32
OP-00187,2026-04-26,Biobío,Ejecutivo,Equipamiento,Pendiente,76.0,8324102.0,5801157.0,13.89
OP-00188,2026-01-14,Metropolitana,Web,Insumos,Completada,4.0,240413.0,162995.0,32.95
OP-00189,2026-03-06,Metropolitana,Web,Servicios,Completada,4.0,679977.0,390906.0,17.71
OP-00190,2026-03-07,Antofagasta,Marketplace,Equipamiento,Completada,1.0,179778.0,134224.0,8.47
OP-00191,2026-03-12,Metropolitana,Web,Equipamiento,Completada,3.0,455928.0,314835.0,18.45
OP-00192,2026-03-03,Metropolitana,Ejecutivo,Insumos,Cancelada,7.0,363552.0,225995.0,5.8
OP-00193,2026-08-20,La Araucanía,Web,Servicios,Completada,4.0,359122.0,223016.0,22.73
OP-00194,2026-05-29,La Araucanía,Web,Insumos,Completada,6.0,282720.0,202439.0,15.98
OP-00195,2026-07-31,Metropolitana,,Servicios,Completada,3.0,282786.0,164675.0,11.64
OP-00196,2026-07-10,Valparaíso,Marketplace,Insumos,Cancelada,6.0,328274.0,223844.0,35.34
OP-00197,2026-06-07,La Araucanía,Ejecutivo,Servicios,Completada,2.0,177837.0,109577.0,23.17
OP-00198,2026-01-25,Metropolitana,Web,Equipamiento,Completada,4.0,685716.0,471549.0,24.69
OP-00199,2026-07-03,Metropolitana,Marketplace,Insumos,Completada,6.0,255377.0,177333.0,11.05
OP-00200,2026-07-19,Maule,Web,Repuestos,Completada,3.0,390033.0,315433.0,28.77
OP-00201,2026-04-06,La Araucanía,Web,Repuestos,Cancelada,6.0,605027.0,500703.0,33.36
OP-00202,2026-02-02,Metropolitana,Web,Equipamiento,Completada,5.0,1218667.0,892206.0,23.01
OP-00203,2026-04-17,Maule,Marketplace,Equipamiento,Completada,3.0,697419.0,519200.0,11.03
OP-00204,2026-07-22,Metropolitana,Marketplace,Insumos,Completada,6.0,276091.0,192845.0,26.64
OP-00205,2026-02-14,Metropolitana,Ejecutivo,Equipamiento,Completada,5.0,918969.0,685194.0,10.79
OP-00206,2026-08-06,Valparaíso,Web,Equipamiento,Completada,1.0,144541.0,105638.0,18.72
OP-00207,2026-02-25,Metropolitana,Ejecutivo,Servicios,Completada,5.0,408624.0,237062.0,14.97
OP-00208,2026-04-19,Metropolitana,Web,Equipamiento,Completada,9.0,1565302.0,1071806.0,17.16
OP-00209,2026-04-13,Valparaíso,Web,Insumos,Completada,1.0,57813.0,37806.0,19.76
OP-00210,2026-03-02,Metropolitana,Web,Insumos,Completada,5.0,221765.0,144745.0,17.36
OP-00211,2026-05-20,Metropolitana,Ejecutivo,Insumos,Completada,5.0,315260.0,213348.0,9.2
OP-00212,2026-03-26,Metropolitana,Ejecutivo,Insumos,Completada,2.0,102112.0,68176.0,18.17
OP-00213,2026-05-01,Antofagasta,,Insumos,Pendiente,6.0,392898.0,276715.0,22.89
OP-00214,2026-03-10,Maule,Web,Equipamiento,Completada,6.0,1045482.0,714637.0,25.92
OP-00215,2026-06-02,Metropolitana,Ejecutivo,Insumos,Completada,9.0,547780.0,367093.0,28.59
OP-00216,2026-01-10,Metropolitana,Web,Equipamiento,Completada,6.0,1600086.0,1137057.0,10.47
OP-00217,2026-04-01,Metropolitana,,Insumos,Completada,4.0,191617.0,129288.0,17.52
OP-00218,2026-07-07,Metropolitana,Web,Equipamiento,Completada,9.0,2004870.0,1374645.0,23.45
OP-00219,2026-04-09,Metropolitana,Web,Insumos,Completada,4.0,239824.0,167185.0,9.65
OP-00220,2026-05-02,Metropolitana,Teléfono,Servicios,Completada,4.0,360693.0,200296.0,20.87
OP-00221,2026-05-26,Metropolitana,Web,Insumos,Completada,2.0,106191.0,69409.0,11.79
OP-00222,2026-07-06,Valparaíso,Marketplace,Servicios,Completada,5.0,483129.0,288533.0,13.47
OP-00223,2026-07-02,Metropolitana,Web,Repuestos,Completada,7.0,972624.0,743620.0,31.28
OP-00224,2026-08-16,Valparaíso,Ejecutivo,Insumos,Completada,3.0,175393.0,129309.0,17.98
OP-00225,2026-08-07,Metropolitana,Web,Equipamiento,Completada,7.0,1350643.0,1020538.0,9.88
OP-00226,2026-07-20,Valparaíso,Web,Insumos,Completada,5.0,214133.0,142550.0,28.54
OP-00227,2026-01-03,Metropolitana,Ejecutivo,Insumos,Completada,5.0,316529.0,211714.0,14.6
OP-00228,2026-07-19,Metropolitana,Web,Servicios,Cancelada,3.0,278669.0,157781.0,112.82
OP-00229,2026-06-13,Valparaíso,Web,Insumos,Completada,3.0,139211.0,93309.0,19.51
OP-00230,2026-06-26,Valparaíso,Web,Insumos,Completada,6.0,320068.0,228633.0,11.18
OP-00231,2026-05-12,Biobío,Web,Repuestos,Pendiente,5.0,1033005.0,841852.0,24.75
OP-00232,2026-04-29,Maule,Teléfono,Equipamiento,Completada,1.0,185021.0,137017.0,7.91
OP-00233,2026-05-10,Maule,Ejecutivo,Servicios,Completada,9.0,1185928.0,724559.0,24.86
OP-00234,2026-02-27,Valparaíso,Web,Servicios,Completada,4.0,394256.0,228236.0,14.49
OP-00235,2026-02-11,Biobío,Teléfono,Insumos,Cancelada,2.0,110763.0,,15.67
OP-00236,2026-06-09,Antofagasta,Ejecutivo,Repuestos,Completada,4.0,403294.0,316723.0,45.1
OP-00237,2026-02-28,La Araucanía,Ejecutivo,Equipamiento,Completada,1.0,106560.0,80724.0,30.1
OP-00238,2026-04-12,Valparaíso,Web,Repuestos,Completada,8.0,1311855.0,1043367.0,26.58
OP-00239,2026-06-17,Metropolitana,Ejecutivo,Servicios,Completada,4.0,308140.0,173548.0,19.01
OP-00240,2026-03-14,La Araucanía,,Insumos,Cancelada,2.0,97842.0,67898.0,28.09
OP-00241,2026-07-29,Valparaíso,Web,Insumos,Completada,2.0,140322.0,103943.0,27.39
OP-00242,2026-03-28,Metropolitana,Teléfono,Insumos,Completada,4.0,293434.0,197074.0,13.99
OP-00243,2026-07-17,Valparaíso,Ejecutivo,Insumos,Completada,3.0,132956.0,86592.0,14.89
OP-00244,2026-07-03,Antofagasta,Web,Insumos,Completada,5.0,325380.0,210412.0,24.73
OP-00245,2026-08-15,Antofagasta,Web,Equipamiento,Completada,3.0,641335.0,461747.0,34.11
OP-00246,2026-06-04,Valparaíso,Web,Insumos,Completada,5.0,177405.0,115840.0,19.94
OP-00247,2026-05-16,Metropolitana,Web,Equipamiento,Completada,7.0,1520610.0,1125785.0,12.81
OP-00248,2026-02-16,Metropolitana,Web,Equipamiento,Completada,6.0,614362.0,465794.0,17.0
OP-00249,2026-06-09,Metropolitana,Marketplace,Equipamiento,Completada,1.0,191446.0,139765.0,17.22
OP-00250,2026-07-15,Biobío,Web,Equipamiento,Completada,3.0,695632.0,530403.0,16.98
OP-00251,2026-07-05,Metropolitana,Ejecutivo,Equipamiento,Completada,7.0,1203045.0,790019.0,27.44
OP-00252,2026-03-22,Metropolitana,Ejecutivo,Servicios,Completada,1.0,69166.0,42077.0,23.05
OP-00253,2026-07-15,Metropolitana,Ejecutivo,Servicios,Completada,3.0,257525.0,156484.0,27.19
OP-00254,2026-08-07,Valparaíso,Web,Equipamiento,Completada,4.0,697655.0,492114.0,13.1
OP-00255,2026-07-09,Valparaíso,Teléfono,Repuestos,Completada,2.0,175941.0,144925.0,15.12
OP-00256,2026-07-12,Metropolitana,Web,Insumos,Completada,2.0,132213.0,96484.0,19.97
OP-00257,2026-03-13,Antofagasta,Web,Insumos,Completada,2.0,66761.0,44861.0,23.59
OP-00258,2026-05-10,Metropolitana,Ejecutivo,Repuestos,Completada,6.0,901540.0,755605.0,12.54
OP-00259,2026-08-07,Metropolitana,Web,Insumos,Completada,7.0,371439.0,237220.0,20.84
OP-00260,2026-04-25,Maule,Teléfono,Equipamiento,Completada,5.0,1025241.0,762716.0,15.79
OP-00261,2026-07-06,Metropolitana,Web,Servicios,Completada,5.0,575103.0,342219.0,26.38
OP-00262,2026-04-10,Metropolitana,Ejecutivo,Equipamiento,Cancelada,4.0,646300.0,465080.0,18.07
OP-00263,2026-08-20,Metropolitana,Marketplace,Insumos,Completada,3.0,146301.0,101369.0,13.85
OP-00264,2026-06-12,Metropolitana,Teléfono,Insumos,Completada,3.0,218710.0,149251.0,24.1
OP-00265,2026-05-08,Biobío,Teléfono,Insumos,Completada,3.0,100272.0,66287.0,18.95
OP-00266,2026-02-12,Valparaíso,Ejecutivo,Insumos,Completada,6.0,314970.0,211912.0,20.06
OP-00267,2026-05-05,Maule,Ejecutivo,Insumos,Completada,4.0,198726.0,129785.0,10.72
OP-00268,2026-03-29,Valparaíso,Web,Equipamiento,Completada,5.0,599878.0,453213.0,10.5
OP-00269,2026-05-16,Valparaíso,Web,Insumos,Completada,4.0,272920.0,178268.0,9.39
OP-00270,2026-02-09,Metropolitana,Ejecutivo,Servicios,Completada,3.0,153053.0,86050.0,33.27
OP-00271,2026-01-28,Metropolitana,Marketplace,Insumos,Completada,3.0,125804.0,85513.0,11.28
OP-00272,2026-05-13,Metropolitana,Marketplace,Insumos,Cancelada,1.0,52450.0,38696.0,9.99
OP-00273,2026-03-01,Metropolitana,Web,Servicios,Completada,1.0,81444.0,47659.0,14.87
OP-00274,2026-06-18,Metropolitana,Marketplace,Insumos,Completada,4.0,142877.0,106633.0,8.32
OP-00275,2026-05-14,La Araucanía,Teléfono,Insumos,Completada,4.0,183306.0,131711.0,53.29
OP-00276,2026-03-18,Metropolitana,Marketplace,Insumos,Completada,7.0,375362.0,266637.0,20.84
OP-00277,2026-05-30,La Araucanía,Marketplace,Insumos,Completada,3.0,172984.0,126538.0,29.6
OP-00278,2026-03-28,La Araucanía,Marketplace,Servicios,Cancelada,3.0,219813.0,129183.0,39.02
OP-00279,2026-06-03,Metropolitana,Ejecutivo,Insumos,Completada,5.0,278187.0,186499.0,38.49
OP-00280,2026-07-03,Biobío,Teléfono,Servicios,Completada,1.0,107395.0,59992.0,23.89
OP-00281,2026-05-07,Metropolitana,Ejecutivo,Equipamiento,Completada,4.0,1146866.0,795073.0,11.14
OP-00282,2026-04-26,Antofagasta,Ejecutivo,Insumos,Cancelada,5.0,212456.0,137606.0,9.44
OP-00283,2026-05-02,Valparaíso,Ejecutivo,Equipamiento,Completada,2.0,309585.0,219018.0,18.95
OP-00284,2026-03-15,Metropolitana,Ejecutivo,Servicios,Completada,9.0,888840.0,485326.0,22.95
OP-00285,2026-05-01,Metropolitana,Web,Equipamiento,Completada,5.0,904800.0,649944.0,8.6
OP-00286,2026-07-19,Biobío,Ejecutivo,Insumos,Completada,4.0,217893.0,142665.0,28.32
OP-00287,2026-08-11,Metropolitana,Ejecutivo,Equipamiento,Completada,1.0,150457.0,111729.0,15.76
OP-00288,2026-08-04,Metropolitana,Web,Equipamiento,Completada,3.0,590553.0,448838.0,12.42
OP-00289,2026-01-18,La Araucanía,Ejecutivo,Insumos,Completada,5.0,250629.0,180707.0,16.56
OP-00290,2026-07-18,Metropolitana,Ejecutivo,Servicios,Cancelada,1.0,91334.0,51868.0,19.15
OP-00291,2026-02-08,La Araucanía,Web,Repuestos,Cancelada,4.0,573248.0,495490.0,49.95
OP-00292,2026-06-25,Biobío,Web,Insumos,Cancelada,5.0,214419.0,140464.0,14.76
OP-00293,2026-01-23,Metropolitana,Web,Servicios,Completada,52.0,2382289.0,1343214.0,14.91
OP-00294,2026-03-30,Valparaíso,Marketplace,Equipamiento,Completada,7.0,1116463.0,806626.0,20.53
OP-00295,2026-05-09,Maule,Ejecutivo,Insumos,Completada,6.0,353933.0,228487.0,11.86
OP-00296,2026-07-21,Metropolitana,Ejecutivo,Insumos,Completada,6.0,320510.0,210976.0,16.75
OP-00297,2026-03-25,Metropolitana,Ejecutivo,Insumos,Completada,3.0,170431.0,118957.0,18.05
OP-00298,2026-06-01,Metropolitana,Ejecutivo,Servicios,Completada,2.0,232324.0,135477.0,19.01
OP-00299,2026-03-07,Metropolitana,Web,Insumos,Completada,2.0,102611.0,73466.0,10.18
OP-00300,2026-04-24,Biobío,Ejecutivo,Equipamiento,Completada,2.0,284933.0,215540.0,16.65
OP-00301,2026-01-03,Biobío,Ejecutivo,Repuestos,Completada,4.0,,263100.0,18.78
OP-00302,2026-06-03,Metropolitana,Web,Servicios,Completada,1.0,60107.0,34965.0,11.09
OP-00303,2026-06-03,Valparaíso,Ejecutivo,Insumos,Completada,3.0,,73276.0,21.72
OP-00304,2026-06-16,Metropolitana,Teléfono,Equipamiento,Completada,6.0,847032.0,595073.0,22.76
OP-00305,2026-02-10,Antofagasta,Web,Insumos,Completada,3.0,141220.0,98983.0,11.95
OP-00306,2026-06-25,Maule,Web,Insumos,Pendiente,3.0,238336.0,158606.0,16.66
OP-00307,2026-04-11,La Araucanía,Web,Equipamiento,Pendiente,1.0,160127.0,119568.0,27.95
OP-00308,2026-08-06,Metropolitana,Web,Equipamiento,Completada,2.0,510750.0,376730.0,5.9
OP-00309,2026-02-06,La Araucanía,Ejecutivo,Servicios,Completada,2.0,242821.0,148958.0,21.97
OP-00310,2026-05-10,Metropolitana,Web,Repuestos,Pendiente,7.0,878829.0,756526.0,24.2
OP-00311,2026-01-02,Metropolitana,Web,Servicios,Completada,5.0,441013.0,259944.0,9.97
OP-00312,2026-04-04,Maule,Web,Insumos,Completada,4.0,168548.0,110810.0,15.1
OP-00313,2026-04-06,Biobío,Teléfono,Servicios,Completada,4.0,393820.0,227979.0,17.51
OP-00314,2026-01-07,Antofagasta,Web,Insumos,Completada,5.0,263606.0,180096.0,9.97
OP-00315,2026-06-01,Biobío,Web,Servicios,Cancelada,3.0,249976.0,145757.0,14.68
OP-00316,2026-01-14,Metropolitana,Web,Repuestos,Cancelada,4.0,692569.0,580329.0,37.77
OP-00317,2026-08-17,Metropolitana,Web,Insumos,Completada,3.0,137703.0,100510.0,6.39
OP-00318,2026-06-11,Metropolitana,Teléfono,Insumos,Completada,5.0,303001.0,205771.0,17.3
OP-00319,2026-08-29,Maule,Web,Equipamiento,Completada,2.0,263507.0,185284.0,9.93
OP-00320,2026-03-02,Metropolitana,Marketplace,Insumos,Completada,4.0,120430.0,84978.0,17.7
OP-00321,2026-03-31,Biobío,Teléfono,Insumos,Completada,4.0,171758.0,118271.0,20.84
OP-00322,2026-08-07,Metropolitana,Web,Servicios,Completada,7.0,694815.0,397573.0,14.32
OP-00323,2026-07-03,Valparaíso,Web,Repuestos,Completada,6.0,895508.0,,17.83
OP-00324,2026-06-21,Valparaíso,Ejecutivo,Insumos,Completada,4.0,342797.0,226297.0,27.81
OP-00325,2026-04-07,La Araucanía,Marketplace,Insumos,Completada,7.0,473551.0,350827.0,42.55
OP-00326,2026-08-09,Antofagasta,Web,Servicios,Completada,2.0,197501.0,116770.0,14.88
OP-00327,2026-01-05,Metropolitana,Web,Insumos,Completada,8.0,504764.0,368676.0,15.68
OP-00328,2026-03-06,Valparaíso,Marketplace,Equipamiento,Completada,3.0,654196.0,482763.0,21.98
OP-00329,2026-07-12,Metropolitana,Marketplace,Insumos,Completada,6.0,253945.0,179679.0,8.94
OP-00330,2026-05-17,Metropolitana,Web,Servicios,Completada,1.0,68474.0,38021.0,10.29
OP-00331,2026-08-21,La Araucanía,Ejecutivo,Insumos,Completada,5.0,244613.0,171072.0,29.98
OP-00332,2026-04-19,Metropolitana,Teléfono,Servicios,Completada,2.0,168680.0,96409.0,21.83
OP-00333,2026-05-24,Metropolitana,Web,Insumos,Completada,3.0,115648.0,81505.0,13.72
OP-00334,2026-05-03,Valparaíso,Marketplace,Servicios,Completada,4.0,398638.0,254403.0,16.6
OP-00335,2026-08-10,Antofagasta,Ejecutivo,Repuestos,Pendiente,5.0,570789.0,452843.0,14.47
OP-00336,2026-06-10,Valparaíso,Ejecutivo,Servicios,Cancelada,3.0,,116081.0,17.15
OP-00337,2026-05-01,Metropolitana,Marketplace,Insumos,Completada,2.0,117221.0,82573.0,12.63
OP-00338,2026-06-03,Metropolitana,Web,Servicios,Completada,2.0,154813.0,98500.0,16.46
OP-00339,2026-07-18,La Araucanía,Marketplace,Repuestos,Cancelada,6.0,841778.0,722158.0,39.47
OP-00340,2026-03-22,Metropolitana,Web,Insumos,Pendiente,2.0,185051.0,126900.0,13.84
OP-00341,2026-03-19,Metropolitana,Ejecutivo,Insumos,Completada,5.0,264958.0,181457.0,10.42
OP-00342,2026-08-15,Metropolitana,Marketplace,Servicios,Cancelada,5.0,293952.0,181142.0,16.34
OP-00343,2026-08-17,Biobío,Ejecutivo,Servicios,Completada,7.0,709447.0,410929.0,11.13
OP-00344,2026-05-29,La Araucanía,Ejecutivo,Insumos,Completada,5.0,254280.0,189288.0,31.02
OP-00345,2026-08-10,Antofagasta,Teléfono,Insumos,Completada,4.0,162193.0,115590.0,18.45
OP-00346,2026-08-02,Metropolitana,Ejecutivo,Servicios,Completada,3.0,181013.0,108944.0,18.34
OP-00347,2026-02-18,Biobío,Web,Equipamiento,Completada,6.0,1209772.0,916615.0,15.12
OP-00348,2026-06-12,La Araucanía,Marketplace,Equipamiento,Completada,3.0,556552.0,451392.0,33.85
OP-00349,2026-04-11,Metropolitana,Web,Equipamiento,Cancelada,8.0,1397872.0,1032156.0,10.71
OP-00350,2026-02-08,Valparaíso,Marketplace,Servicios,Completada,7.0,673513.0,411279.0,16.27
OP-00351,2026-06-22,Metropolitana,Ejecutivo,,Completada,5.0,287285.0,,10.09
OP-00352,2026-05-24,Metropolitana,Marketplace,Equipamiento,Completada,4.0,829393.0,608366.0,16.5
OP-00353,2026-06-20,Metropolitana,Marketplace,Equipamiento,Completada,1.0,163803.0,115878.0,8.0
OP-00354,2026-05-25,Antofagasta,Web,Servicios,Completada,5.0,491486.0,281749.0,14.28
OP-00355,2026-05-26,Maule,Marketplace,Servicios,Completada,1.0,96251.0,57874.0,10.83
OP-00356,2026-02-22,Metropolitana,Ejecutivo,Insumos,Completada,6.0,200173.0,135841.0,5.83
OP-00357,2026-04-12,Biobío,Web,Equipamiento,Completada,4.0,924436.0,690102.0,29.92
OP-00358,2026-04-23,Antofagasta,Ejecutivo,Equipamiento,Completada,8.0,,1080284.0,9.46
OP-00359,2026-03-11,Valparaíso,Web,Equipamiento,Completada,3.0,359700.0,260277.0,13.37
OP-00360,2026-03-15,Metropolitana,Ejecutivo,Servicios,Completada,8.0,601584.0,,13.08
OP-00361,2026-08-13,Antofagasta,Ejecutivo,Equipamiento,Completada,2.0,412854.0,292015.0,21.86
OP-00362,2026-04-07,La Araucanía,Web,Insumos,Completada,6.0,382878.0,273944.0,35.16
OP-00363,2026-03-23,Biobío,Ejecutivo,Equipamiento,Completada,4.0,841896.0,611586.0,13.06
OP-00364,2026-06-02,Metropolitana,Web,Equipamiento,Completada,6.0,1100259.0,797498.0,16.25
OP-00365,2026-08-10,Biobío,,Servicios,Completada,4.0,410661.0,254317.0,17.38
OP-00366,2026-06-17,Antofagasta,Ejecutivo,Insumos,Completada,4.0,1616972.0,1138071.0,14.23
OP-00367,2026-05-23,Metropolitana,Web,Insumos,Completada,5.0,265717.0,177936.0,9.72
OP-00368,2026-04-27,Metropolitana,Web,Repuestos,Completada,5.0,448165.0,364203.0,8.61
OP-00369,2026-01-10,Valparaíso,Ejecutivo,Servicios,Completada,5.0,515720.0,298109.0,12.38
OP-00370,2026-01-03,La Araucanía,,Servicios,Completada,8.0,758383.0,485632.0,28.75
OP-00371,2026-04-01,Valparaíso,,Equipamiento,Completada,8.0,1962507.0,1392094.0,10.19
OP-00372,2026-03-31,Biobío,Ejecutivo,Equipamiento,Completada,3.0,465949.0,321271.0,10.84
OP-00373,2026-04-13,Metropolitana,Ejecutivo,Insumos,Completada,5.0,179462.0,123670.0,15.57
OP-00374,2026-04-20,Antofagasta,Teléfono,Equipamiento,Completada,3.0,530494.0,384877.0,8.91
OP-00375,2026-06-04,La Araucanía,Ejecutivo,Insumos,Cancelada,8.0,401975.0,273037.0,24.95
OP-00376,2026-06-27,Biobío,Web,Insumos,Cancelada,3.0,159593.0,104796.0,17.29
OP-00377,2026-05-10,La Araucanía,Teléfono,Servicios,Completada,3.0,195146.0,115673.0,30.56
OP-00378,2026-06-06,Metropolitana,Web,Servicios,Completada,3.0,291158.0,153538.0,21.79
OP-00379,2026-03-05,Maule,Ejecutivo,Insumos,Completada,4.0,216462.0,148025.0,31.51
OP-00380,2026-07-27,Metropolitana,Web,Insumos,Completada,5.0,251392.0,171255.0,33.75
OP-00381,2026-06-19,Metropolitana,Web,Servicios,Completada,7.0,623274.0,,17.22
OP-00382,2026-02-28,Metropolitana,Ejecutivo,Equipamiento,Completada,4.0,727339.0,512067.0,16.17
OP-00383,2026-08-09,Maule,Ejecutivo,Servicios,Completada,4.0,489041.0,297798.0,7.74
OP-00384,2026-05-21,Valparaíso,Ejecutivo,Equipamiento,Completada,2.0,283355.0,207333.0,24.76
OP-00385,2026-03-14,Biobío,Ejecutivo,Servicios,Completada,5.0,357203.0,211760.0,23.91
OP-00386,2026-01-09,Valparaíso,Web,Servicios,Completada,1.0,102928.0,59277.0,21.55
OP-00387,2026-05-27,Metropolitana,Web,Insumos,Completada,2.0,108532.0,71025.0,24.69
OP-00388,2026-08-12,Biobío,Ejecutivo,Servicios,Completada,3.0,266988.0,151085.0,24.55
OP-00389,2026-07-17,Metropolitana,Web,Repuestos,Completada,2.0,306995.0,255522.0,24.12
OP-00390,2026-07-11,Metropolitana,Web,Insumos,Completada,5.0,329433.0,211562.0,22.69
OP-00391,2026-04-17,Metropolitana,Web,Servicios,Completada,5.0,603057.0,315684.0,13.53
OP-00392,2026-08-02,Maule,Ejecutivo,Equipamiento,Completada,7.0,1069820.0,742571.0,10.97
OP-00393,2026-05-29,Metropolitana,Web,Insumos,Completada,6.0,350547.0,229631.0,33.54
OP-00394,2026-04-16,Antofagasta,Teléfono,Repuestos,Cancelada,5.0,837432.0,,14.78
OP-00395,2026-01-10,Biobío,Web,Equipamiento,Completada,7.0,896671.0,688969.0,15.5
OP-00396,2026-08-05,Biobío,Web,Insumos,Completada,2.0,82306.0,58100.0,16.58
OP-00397,2026-08-26,Metropolitana,Marketplace,Insumos,Completada,4.0,165760.0,113966.0,10.57
OP-00398,2026-07-06,Metropolitana,Ejecutivo,Equipamiento,Completada,8.0,1291139.0,930247.0,11.91
OP-00399,2026-04-08,Metropolitana,Marketplace,Repuestos,Completada,6.0,829699.0,710339.0,13.53
OP-00400,2026-05-03,Valparaíso,Web,Insumos,Completada,7.0,286653.0,192465.0,23.6
OP-00401,2026-04-03,Metropolitana,Ejecutivo,Insumos,Completada,4.0,249229.0,170340.0,17.68
OP-00402,2026-02-23,Antofagasta,Marketplace,Equipamiento,Completada,6.0,721896.0,537025.0,21.18
OP-00403,2026-04-01,Valparaíso,Marketplace,Repuestos,Cancelada,5.0,1001228.0,885561.0,13.69
OP-00404,2026-02-03,Metropolitana,Ejecutivo,Repuestos,Completada,4.0,505719.0,427256.0,16.99
OP-00405,2026-07-25,Metropolitana,Ejecutivo,Servicios,Completada,2.0,147593.0,89750.0,13.17
OP-00406,2026-02-10,Antofagasta,Web,Servicios,Completada,4.0,320422.0,180978.0,10.8
OP-00407,2026-08-18,Metropolitana,Web,Equipamiento,Completada,1.0,201261.0,142007.0,19.02
OP-00408,2026-06-02,Biobío,Ejecutivo,Repuestos,Cancelada,5.0,447884.0,380786.0,18.46
OP-00409,2026-06-30,Metropolitana,Marketplace,Insumos,Completada,7.0,344730.0,227154.0,23.96
OP-00410,2026-02-18,Metropolitana,Web,Servicios,Completada,7.0,379157.0,219860.0,13.56
OP-00411,2026-03-08,Metropolitana,Teléfono,Insumos,Completada,2.0,104880.0,68789.0,16.81
OP-00412,2026-01-24,Maule,Web,Insumos,Completada,7.0,382168.0,254708.0,11.64
OP-00413,2026-03-14,Valparaíso,Teléfono,Insumos,Completada,3.0,109048.0,76789.0,25.76
OP-00414,2026-02-18,Metropolitana,Web,Servicios,Completada,1.0,144538.0,79730.0,22.48
OP-00415,2026-05-18,Valparaíso,Ejecutivo,Equipamiento,Completada,6.0,1231112.0,885471.0,22.32
OP-00416,2026-06-07,Metropolitana,Web,Insumos,Completada,9.0,410319.0,277199.0,13.74
OP-00417,2026-05-30,Metropolitana,Web,Servicios,Completada,2.0,155711.0,89685.0,20.82
OP-00418,2026-07-09,Metropolitana,Ejecutivo,Equipamiento,Completada,8.0,1555011.0,1154527.0,23.84
OP-00419,2026-07-30,Biobío,Web,Equipamiento,Completada,3.0,613998.0,463081.0,15.52
OP-00420,2026-06-19,Biobío,Web,Insumos,Completada,2.0,,70612.0,30.28
OP-00421,2026-08-25,Valparaíso,Ejecutivo,Equipamiento,Completada,6.0,1354554.0,973355.0,16.53
OP-00422,2026-04-02,Maule,Ejecutivo,Insumos,Completada,4.0,158064.0,105935.0,224.84
OP-00423,2026-06-14,Maule,Web,Repuestos,Completada,5.0,588249.0,501420.0,37.56
OP-00424,2026-03-13,Metropolitana,Ejecutivo,Insumos,Completada,3.0,140957.0,95274.0,13.73
OP-00425,2026-03-08,La Araucanía,Web,Equipamiento,Completada,3.0,333553.0,244220.0,15.89
OP-00426,2026-05-10,Metropolitana,Ejecutivo,Equipamiento,Completada,3.0,361405.0,251549.0,8.29
OP-00427,2026-05-12,Metropolitana,Ejecutivo,Servicios,Completada,4.0,298680.0,178627.0,15.9
OP-00428,2026-04-28,Metropolitana,Teléfono,Servicios,Completada,3.0,275086.0,159684.0,21.36
OP-00429,2026-08-02,Metropolitana,Ejecutivo,Servicios,Completada,7.0,549547.0,325083.0,13.44
OP-00430,2026-06-13,La Araucanía,Marketplace,Equipamiento,Cancelada,5.0,801925.0,639972.0,22.92
OP-00431,2026-08-27,Metropolitana,Ejecutivo,Equipamiento,Completada,3.0,380511.0,275803.0,16.1
OP-00432,2026-01-05,Valparaíso,Web,Equipamiento,Completada,4.0,741221.0,538116.0,13.86
OP-00433,2026-05-08,Metropolitana,Web,Insumos,Completada,3.0,154375.0,104957.0,96.92
OP-00434,2026-03-25,La Araucanía,Web,Servicios,Completada,8.0,607781.0,374434.0,23.18
OP-00435,2026-05-21,Valparaíso,Web,Insumos,Completada,5.0,183313.0,125293.0,17.7
OP-00436,2026-03-09,La Araucanía,Ejecutivo,Repuestos,Pendiente,5.0,453075.0,398237.0,27.33
OP-00437,2026-01-29,Metropolitana,Web,Insumos,Completada,1.0,49138.0,32199.0,17.93
OP-00438,2026-08-07,Valparaíso,Ejecutivo,Insumos,Completada,5.0,204834.0,137956.0,24.82
OP-00439,2026-03-29,Valparaíso,Ejecutivo,Servicios,Completada,2.0,193981.0,110522.0,11.24
OP-00440,2026-01-21,Metropolitana,Web,Servicios,Completada,4.0,391115.0,246597.0,11.24
OP-00441,2026-07-04,Maule,Web,Equipamiento,Completada,3.0,655192.0,490886.0,25.88
OP-00442,2026-06-02,La Araucanía,Web,Insumos,Cancelada,2.0,98806.0,70046.0,22.04
OP-00443,2026-05-16,Metropolitana,Ejecutivo,Servicios,Completada,3.0,278610.0,153403.0,24.51
OP-00444,2026-03-09,Metropolitana,Web,Insumos,Pendiente,3.0,151558.0,109066.0,21.01
OP-00445,2026-06-07,Maule,Ejecutivo,Insumos,Completada,5.0,320958.0,220372.0,14.99
OP-00446,2026-04-05,Valparaíso,Ejecutivo,Insumos,Completada,7.0,349813.0,244181.0,16.86
OP-00447,2026-03-26,Metropolitana,Marketplace,Servicios,Completada,1.0,95316.0,59388.0,13.65
OP-00448,2026-02-11,Metropolitana,Web,Equipamiento,Pendiente,4.0,957620.0,675049.0,12.71
OP-00449,2026-01-04,Valparaíso,,Insumos,Completada,1.0,37822.0,26517.0,15.77
OP-00450,2026-04-06,Valparaíso,Marketplace,Repuestos,Pendiente,5.0,470922.0,399925.0,18.29
OP-00451,2026-01-06,Metropolitana,Ejecutivo,Equipamiento,Completada,3.0,529637.0,385296.0,9.69
OP-00452,2026-01-17,Metropolitana,Web,Equipamiento,Completada,2.0,410846.0,291295.0,14.29
OP-00453,2026-04-24,Valparaíso,Ejecutivo,Insumos,Completada,6.0,308125.0,213309.0,29.58
OP-00454,2026-04-26,Valparaíso,Web,,Completada,4.0,303311.0,206321.0,11.48
OP-00455,2026-05-02,Metropolitana,Ejecutivo,Repuestos,Completada,3.0,471849.0,365789.0,22.52
OP-00456,2026-08-09,Antofagasta,Ejecutivo,Servicios,Cancelada,2.0,153000.0,86198.0,15.06
OP-00457,2026-05-17,Biobío,Web,Insumos,Completada,2.0,144463.0,99610.0,23.11
OP-00458,2026-02-13,Valparaíso,Teléfono,Insumos,Completada,3.0,132210.0,87753.0,14.51
OP-00459,2026-05-23,Biobío,Web,Repuestos,Completada,5.0,735139.0,594457.0,21.81
OP-00460,2026-08-21,Maule,Ejecutivo,Servicios,Completada,2.0,116034.0,71136.0,21.13
OP-00461,2026-04-06,Antofagasta,Web,Servicios,Completada,2.0,191123.0,111274.0,22.83
OP-00462,2026-08-10,La Araucanía,Ejecutivo,Insumos,Completada,4.0,229809.0,156937.0,14.25
OP-00463,2026-05-12,Metropolitana,Marketplace,Insumos,Completada,6.0,356436.0,250917.0,20.6
OP-00464,2026-04-24,Metropolitana,Web,Servicios,Completada,1.0,,52197.0,24.18
OP-00465,2026-04-27,Maule,Web,Insumos,Completada,4.0,202324.0,131868.0,14.4
OP-00466,2026-08-20,Metropolitana,Web,Servicios,Completada,4.0,361605.0,227135.0,14.49
OP-00467,2026-08-30,Metropolitana,Web,Equipamiento,Completada,3.0,414150.0,292784.0,13.43
OP-00468,2026-05-29,Metropolitana,Marketplace,Servicios,Completada,1.0,68193.0,42254.0,24.79
OP-00469,2026-02-09,Valparaíso,Ejecutivo,Equipamiento,Completada,6.0,1481049.0,1072491.0,26.97
OP-00470,2026-08-30,Metropolitana,Web,Equipamiento,Completada,7.0,992214.0,706861.0,9.67
OP-00471,2026-03-12,Metropolitana,Web,Equipamiento,Completada,6.0,940033.0,641330.0,11.99
OP-00472,2026-08-28,Metropolitana,Marketplace,Equipamiento,Pendiente,4.0,817409.0,609398.0,11.45
OP-00473,2026-05-28,Valparaíso,Marketplace,Servicios,Completada,3.0,364870.0,235027.0,9.44
OP-00474,2026-03-11,Metropolitana,Marketplace,Equipamiento,Completada,5.0,865199.0,600696.0,19.73
OP-00475,2026-02-03,Metropolitana,Marketplace,Insumos,Cancelada,2.0,131369.0,95363.0,12.78
OP-00476,2026-07-09,Metropolitana,,Insumos,Completada,4.0,232747.0,158707.0,19.76
OP-00477,2026-08-28,Biobío,Web,Servicios,Completada,5.0,459118.0,273296.0,16.96
OP-00478,2026-08-08,Metropolitana,Marketplace,Equipamiento,Completada,9.0,1792810.0,1297147.0,11.5
OP-00479,2026-05-25,Maule,Web,Equipamiento,Pendiente,2.0,287364.0,202158.0,48.59
OP-00480,2026-03-11,Metropolitana,Web,Equipamiento,Completada,2.0,410350.0,291762.0,12.92
OP-00481,2026-07-07,Antofagasta,Web,Insumos,Completada,3.0,165694.0,111898.0,25.16
OP-00482,2026-02-24,Valparaíso,Web,Equipamiento,Completada,2.0,347985.0,246418.0,15.67
OP-00483,2026-05-28,Metropolitana,Web,Insumos,Pendiente,2.0,92356.0,63859.0,9.12
OP-00484,2026-05-03,Antofagasta,Web,Equipamiento,Completada,4.0,768256.0,543893.0,12.15
OP-00485,2026-07-01,Metropolitana,Web,Insumos,Completada,5.0,277589.0,184929.0,10.61
OP-00486,2026-01-27,Maule,Ejecutivo,Equipamiento,Completada,3.0,454848.0,317169.0,22.37
OP-00487,2026-07-30,Valparaíso,Web,Insumos,Completada,5.0,299882.0,201271.0,22.22
OP-00488,2026-04-11,Metropolitana,Web,Equipamiento,Completada,3.0,686480.0,502202.0,20.46
OP-00489,2026-08-17,Metropolitana,Marketplace,Equipamiento,Completada,1.0,176578.0,131700.0,13.54
OP-00490,2026-07-18,Antofagasta,Ejecutivo,Insumos,Completada,4.0,210773.0,150761.0,28.69
OP-00491,2026-06-26,Metropolitana,Ejecutivo,Equipamiento,Completada,3.0,598352.0,407316.0,18.11
OP-00492,2026-05-23,Metropolitana,Teléfono,Insumos,Completada,6.0,259714.0,185725.0,6.44
OP-00493,2026-05-05,Valparaíso,Ejecutivo,Servicios,Completada,7.0,394689.0,233720.0,14.88
OP-00494,2026-05-08,Metropolitana,Web,Equipamiento,Completada,5.0,920458.0,657361.0,19.55
OP-00495,2026-06-09,Metropolitana,Teléfono,Insumos,Completada,3.0,181164.0,122344.0,8.08
OP-00496,2026-06-12,Maule,Ejecutivo,Equipamiento,Completada,5.0,609477.0,421988.0,22.68
OP-00497,2026-03-14,Valparaíso,Teléfono,Servicios,Completada,3.0,204335.0,118668.0,9.78
OP-00498,2026-03-17,Biobío,Teléfono,Insumos,Completada,4.0,188207.0,122642.0,7.18
OP-00499,2026-07-17,Biobío,Ejecutivo,Equipamiento,Completada,3.0,336974.0,235703.0,31.0
OP-00500,2026-03-16,Metropolitana,Web,Insumos,Completada,1.0,83151.0,55733.0,22.06
OP-00501,2026-05-17,Valparaíso,Ejecutivo,Servicios,Cancelada,5.0,294482.0,159851.0,16.24
OP-00502,2026-01-28,Metropolitana,Teléfono,Repuestos,Completada,5.0,557408.0,444521.0,22.7
OP-00503,2026-01-01,Metropolitana,,Servicios,Completada,7.0,744073.0,430666.0,13.7
OP-00504,2026-03-20,Metropolitana,Teléfono,Insumos,Completada,3.0,146363.0,98296.0,13.26
OP-00505,2026-06-26,Antofagasta,Ejecutivo,Insumos,Cancelada,1.0,36259.0,24021.0,20.26
OP-00506,2026-01-05,Metropolitana,Web,Repuestos,Completada,6.0,665990.0,535578.0,18.93
OP-00507,2026-08-27,Metropolitana,Ejecutivo,Repuestos,Completada,2.0,221211.0,180728.0,10.16
OP-00508,2026-06-30,Metropolitana,Marketplace,Insumos,Completada,3.0,125659.0,89405.0,30.78
OP-00509,2026-03-16,Valparaíso,Web,Insumos,Cancelada,3.0,113241.0,76273.0,15.96
OP-00510,2026-01-19,Metropolitana,Web,Insumos,Completada,6.0,264939.0,181777.0,10.03
OP-00511,2026-03-15,Metropolitana,Teléfono,Servicios,Completada,1.0,99685.0,59380.0,16.64
OP-00512,2026-08-27,Metropolitana,Web,Equipamiento,Completada,1.0,200632.0,151556.0,12.92
OP-00513,2026-04-25,Maule,Web,Servicios,Completada,1.0,95417.0,54866.0,13.56
OP-00514,2026-08-25,Metropolitana,Web,Equipamiento,Completada,8.0,1173283.0,854564.0,9.65
OP-00515,2026-06-03,Antofagasta,Web,Equipamiento,Completada,5.0,717938.0,529697.0,14.77
OP-00516,2026-06-09,Metropolitana,Web,Insumos,Completada,1.0,60812.0,43168.0,13.98
OP-00517,2026-06-26,Metropolitana,Ejecutivo,Repuestos,Completada,5.0,857841.0,723398.0,20.51
OP-00518,2026-05-05,Metropolitana,Web,Insumos,Completada,3.0,164648.0,114478.0,38.59
OP-00519,2026-08-07,Biobío,,Servicios,Completada,1.0,109052.0,64388.0,12.93
OP-00520,2026-01-28,Metropolitana,Ejecutivo,Equipamiento,Completada,3.0,494183.0,366733.0,13.97
OP-00521,2026-07-31,Metropolitana,,Repuestos,Completada,2.0,220781.0,187736.0,19.53
OP-00522,2026-07-12,Metropolitana,Web,Repuestos,Cancelada,4.0,588382.0,476497.0,18.41
OP-00523,2026-08-03,Metropolitana,Web,Servicios,Completada,1.0,76789.0,45397.0,10.65
OP-00524,2026-02-08,Metropolitana,Marketplace,Insumos,Completada,5.0,250124.0,173599.0,28.3
OP-00525,2026-07-30,Metropolitana,Web,Equipamiento,Completada,3.0,594567.0,428130.0,17.13
OP-00526,2026-03-09,Antofagasta,Ejecutivo,Insumos,Completada,6.0,286391.0,198296.0,13.94
OP-00527,2026-03-16,Biobío,Marketplace,Insumos,Completada,6.0,457584.0,319293.0,26.26
OP-00528,2026-05-06,Antofagasta,Ejecutivo,Insumos,Completada,2.0,131873.0,89858.0,9.15
OP-00529,2026-03-30,Metropolitana,Ejecutivo,Servicios,Completada,3.0,343527.0,213536.0,27.33
OP-00530,2026-06-13,Metropolitana,Marketplace,Equipamiento,Completada,5.0,900428.0,689449.0,10.06
OP-00531,2026-04-15,Metropolitana,Web,Servicios,Completada,8.0,705201.0,397435.0,12.26
OP-00532,2026-05-26,Metropolitana,Web,Equipamiento,Completada,5.0,930817.0,695268.0,17.63
OP-00533,2026-08-27,Valparaíso,Web,Insumos,Completada,6.0,296750.0,202163.0,7.42
OP-00534,2026-06-09,Metropolitana,Teléfono,Insumos,Completada,3.0,188827.0,123855.0,23.33
OP-00535,2026-08-31,La Araucanía,Web,Servicios,Completada,3.0,374321.0,226822.0,26.89
OP-00536,2026-07-07,Maule,Ejecutivo,Equipamiento,Completada,5.0,669178.0,485814.0,12.8
OP-00537,2026-07-11,Metropolitana,Ejecutivo,,Completada,4.0,627262.0,439301.0,19.74
OP-00538,2026-08-08,Biobío,Web,Repuestos,Completada,7.0,1193835.0,999999.0,13.4
OP-00539,2026-02-25,Antofagasta,Teléfono,Equipamiento,Completada,4.0,537864.0,402865.0,8.77
OP-00540,2026-03-05,Biobío,Ejecutivo,Repuestos,Completada,4.0,437105.0,369443.0,13.09
OP-00541,2026-08-25,Metropolitana,Teléfono,Servicios,Completada,4.0,394905.0,229543.0,15.05
OP-00542,2026-07-29,Valparaíso,Web,Servicios,Completada,4.0,274566.0,154628.0,16.75
OP-00543,2026-08-14,Metropolitana,Web,Equipamiento,Cancelada,1.0,166622.0,116323.0,15.86
OP-00544,2026-06-19,Metropolitana,Web,Servicios,Completada,3.0,206292.0,113065.0,21.61
OP-00545,2026-03-05,Metropolitana,Teléfono,Equipamiento,Completada,5.0,944707.0,709481.0,26.32
OP-00546,2026-08-11,Metropolitana,Ejecutivo,Insumos,Completada,6.0,297102.0,197208.0,13.39
OP-00547,2026-08-05,Metropolitana,Web,Insumos,Completada,6.0,320150.0,217122.0,15.11
OP-00548,2026-06-11,Metropolitana,Web,Insumos,Pendiente,4.0,289904.0,207795.0,21.72
OP-00549,2026-06-10,Biobío,Teléfono,Equipamiento,Cancelada,1.0,198062.0,154433.0,15.73
OP-00550,2026-05-13,Metropolitana,Web,Equipamiento,Pendiente,5.0,742533.0,523317.0,16.43
OP-00551,2026-07-06,Valparaíso,Web,Servicios,Cancelada,5.0,474131.0,262317.0,13.98
OP-00552,2026-02-21,La Araucanía,,Insumos,Completada,3.0,185839.0,130346.0,50.55
OP-00553,2026-01-21,Metropolitana,Teléfono,Insumos,Completada,3.0,262713.0,189685.0,10.43
OP-00554,2026-07-07,Metropolitana,Ejecutivo,Servicios,Completada,9.0,942802.0,527792.0,11.5
OP-00555,2026-07-08,Biobío,Web,Servicios,Completada,2.0,241055.0,134061.0,15.43
OP-00556,2026-05-13,Metropolitana,Ejecutivo,,Completada,3.0,248871.0,142386.0,11.86
OP-00557,2026-08-01,Biobío,Ejecutivo,Insumos,Completada,4.0,214110.0,148061.0,18.29
OP-00558,2026-07-23,Metropolitana,Marketplace,Insumos,Completada,3.0,141186.0,105837.0,12.62
OP-00559,2026-04-04,Maule,Ejecutivo,Repuestos,Completada,2.0,141526.0,116744.0,38.13
OP-00560,2026-01-24,Valparaíso,Web,Repuestos,Pendiente,9.0,1928325.0,1596945.0,11.21
OP-00561,2026-04-11,Biobío,Ejecutivo,Insumos,Completada,5.0,248010.0,162024.0,21.63
OP-00562,2026-06-29,Maule,Teléfono,Insumos,Completada,4.0,178666.0,117750.0,21.54
OP-00563,2026-01-13,Metropolitana,Teléfono,Servicios,Completada,5.0,523095.0,298741.0,14.67
OP-00564,2026-05-15,Antofagasta,Web,Servicios,Completada,3.0,360611.0,214687.0,21.32
OP-00565,2026-08-29,Metropolitana,Marketplace,Equipamiento,Completada,3.0,417835.0,313789.0,17.45
OP-00566,2026-05-11,Metropolitana,Web,Insumos,Completada,5.0,438080.0,294150.0,13.16
OP-00567,2026-05-09,Metropolitana,Ejecutivo,Repuestos,Completada,1.0,143041.0,119717.0,27.35
OP-00568,2026-02-01,Valparaíso,Ejecutivo,Insumos,Completada,2.0,121143.0,81711.0,17.5
OP-00569,2026-05-31,Maule,Web,Servicios,Cancelada,5.0,462721.0,274844.0,10.53
OP-00570,2026-03-07,Valparaíso,Ejecutivo,,Completada,4.0,532353.0,312018.0,22.4
OP-00571,2026-05-06,Valparaíso,Web,Servicios,Completada,6.0,448925.0,247931.0,22.97
OP-00572,2026-06-02,Valparaíso,Marketplace,Equipamiento,Completada,6.0,951146.0,726145.0,57.58
OP-00573,2026-05-05,Metropolitana,Web,Insumos,Completada,3.0,270365.0,186251.0,14.99
OP-00574,2026-07-23,Maule,Ejecutivo,Insumos,Completada,7.0,376101.0,264266.0,19.13
OP-00575,2026-03-28,Metropolitana,Web,Equipamiento,Completada,1.0,315310.0,213358.0,15.56
OP-00576,2026-07-19,Valparaíso,Marketplace,,Completada,5.0,661714.0,557029.0,31.95
OP-00577,2026-05-26,Valparaíso,Web,Insumos,Completada,5.0,295361.0,211564.0,14.02
OP-00578,2026-06-14,Maule,Web,Insumos,Completada,7.0,423580.0,287953.0,12.19
OP-00579,2026-06-25,Antofagasta,Teléfono,Servicios,Completada,4.0,447304.0,238807.0,31.97
OP-00580,2026-05-07,Biobío,Web,Equipamiento,Completada,11.0,1780142.0,1251583.0,16.07
OP-00581,2026-05-03,Metropolitana,Marketplace,Repuestos,Completada,2.0,260515.0,225797.0,23.67
OP-00582,2026-01-09,Metropolitana,Web,Servicios,Completada,1.0,147477.0,90039.0,12.95
OP-00583,2026-02-25,Metropolitana,Marketplace,Insumos,Completada,3.0,125018.0,86909.0,33.82
OP-00584,2026-07-28,Biobío,Ejecutivo,Servicios,Completada,2.0,171606.0,102090.0,24.52
OP-00585,2026-07-02,Valparaíso,Web,Repuestos,Completada,8.0,1294519.0,1037503.0,28.31
OP-00586,2026-04-02,Metropolitana,Web,Insumos,Completada,2.0,64994.0,43671.0,11.71
OP-00587,2026-03-03,Metropolitana,Marketplace,Equipamiento,Completada,2.0,327902.0,247171.0,35.26
OP-00588,2026-06-02,Biobío,Ejecutivo,Insumos,Cancelada,4.0,212604.0,145851.0,31.36
OP-00589,2026-05-26,Valparaíso,Ejecutivo,Repuestos,Completada,4.0,817276.0,678484.0,20.71
OP-00590,2026-07-07,La Araucanía,Marketplace,Servicios,Completada,4.0,451211.0,290566.0,22.88
OP-00591,2026-05-14,Metropolitana,Web,Repuestos,Completada,3.0,419512.0,330140.0,27.19
OP-00592,2026-07-14,Valparaíso,Web,Insumos,Completada,3.0,158855.0,109040.0,14.65
OP-00593,2026-01-07,La Araucanía,Ejecutivo,Repuestos,Completada,4.0,366207.0,332040.0,32.86
OP-00594,2026-05-16,Biobío,Web,Insumos,Completada,4.0,252938.0,176693.0,19.98
OP-00595,2026-04-22,Metropolitana,Ejecutivo,Insumos,Completada,7.0,449019.0,298596.0,24.57
OP-00596,2026-02-08,Metropolitana,Ejecutivo,Insumos,Completada,5.0,356709.0,227694.0,13.56
OP-00597,2026-04-02,Metropolitana,Teléfono,Servicios,Completada,4.0,441842.0,254333.0,15.94
OP-00598,2026-04-28,Biobío,Teléfono,Equipamiento,Completada,2.0,253533.0,178444.0,15.43
OP-00599,2026-02-22,Valparaíso,Ejecutivo,Servicios,Completada,7.0,558952.0,329684.0,14.15
OP-00600,2026-04-06,Metropolitana,Marketplace,Equipamiento,Completada,7.0,919979.0,714906.0,14.71
OP-00601,2026-08-22,Metropolitana,Web,Repuestos,Completada,6.0,756960.0,602797.0,19.8
OP-00602,2026-03-29,Biobío,Web,Servicios,Completada,4.0,349636.0,205505.0,6.46
OP-00603,2026-06-13,La Araucanía,Ejecutivo,Equipamiento,Completada,3.0,591015.0,441829.0,24.19
OP-00604,2026-07-05,Biobío,Ejecutivo,Insumos,Completada,2.0,107578.0,74570.0,12.91
OP-00605,2026-02-22,Maule,Ejecutivo,,Completada,3.0,434080.0,358849.0,14.38
OP-00606,2026-04-16,Biobío,Web,Insumos,Completada,5.0,230530.0,160149.0,23.26
OP-00607,2026-08-04,Metropolitana,Web,Equipamiento,Completada,6.0,1362411.0,973246.0,28.64
OP-00608,2026-01-05,Metropolitana,Web,Insumos,Completada,3.0,266675.0,186177.0,21.8
OP-00609,2026-05-11,Biobío,Ejecutivo,Servicios,Completada,3.0,324509.0,196099.0,31.26
OP-00610,2026-01-08,Antofagasta,,Insumos,Completada,1.0,47323.0,33553.0,13.22
OP-00611,2026-06-12,Maule,,Repuestos,Completada,3.0,328980.0,261733.0,10.69
OP-00612,2026-07-18,Metropolitana,Web,Servicios,Completada,4.0,306977.0,175332.0,9.39
OP-00613,2026-08-06,Metropolitana,Ejecutivo,Insumos,Completada,6.0,351342.0,246568.0,13.69
OP-00614,2026-08-17,Antofagasta,Marketplace,Equipamiento,Completada,1.0,,100902.0,93.41
OP-00615,2026-05-08,Metropolitana,Ejecutivo,Servicios,Completada,4.0,404183.0,256249.0,28.36
OP-00616,2026-01-27,Metropolitana,Web,Insumos,Completada,7.0,310839.0,212088.0,18.93
OP-00617,2026-05-30,Metropolitana,Web,Servicios,Completada,4.0,437550.0,254287.0,18.94
OP-00618,2026-06-24,Metropolitana,Ejecutivo,Equipamiento,Cancelada,2.0,328711.0,226458.0,24.41
OP-00619,2026-07-27,Valparaíso,Web,Insumos,Completada,5.0,336934.0,218900.0,12.14
OP-00620,2026-07-06,Biobío,Web,Servicios,Completada,3.0,213813.0,124584.0,27.05
OP-00621,2026-08-23,Metropolitana,Web,Servicios,Completada,4.0,422593.0,247741.0,18.83
OP-00622,2026-06-28,Maule,Web,Insumos,Completada,4.0,255741.0,176299.0,21.44
OP-00623,2026-03-18,Biobío,Web,Servicios,Completada,5.0,586110.0,350998.0,31.97
OP-00624,2026-06-15,Valparaíso,,Repuestos,Completada,6.0,1229338.0,1057999.0,28.49
OP-00625,2026-02-28,Metropolitana,Web,Servicios,Completada,3.0,,181259.0,12.6
OP-00626,2026-05-04,Biobío,Teléfono,Equipamiento,Completada,1.0,135848.0,103294.0,10.32
OP-00627,2026-03-10,Metropolitana,Ejecutivo,Equipamiento,Completada,6.0,1254964.0,867674.0,13.83
OP-00628,2026-04-04,Valparaíso,Web,Equipamiento,Completada,1.0,149831.0,110501.0,25.28
OP-00629,2026-03-06,Biobío,Ejecutivo,Equipamiento,Completada,3.0,622649.0,452516.0,14.02
OP-00630,2026-01-25,La Araucanía,Web,Insumos,Completada,6.0,367034.0,273049.0,24.56
OP-00631,2026-08-30,Antofagasta,Marketplace,Repuestos,Completada,6.0,730473.0,620254.0,28.25
OP-00632,2026-08-21,Metropolitana,Ejecutivo,Insumos,Completada,7.0,523311.0,,14.66
OP-00633,2026-05-19,Biobío,Teléfono,Insumos,Completada,1.0,50882.0,33089.0,13.68
OP-00634,2026-08-01,Biobío,Web,Equipamiento,Completada,5.0,1028810.0,741249.0,18.08
OP-00635,2026-08-11,Biobío,Ejecutivo,Insumos,Completada,5.0,268378.0,179055.0,23.08
OP-00636,2026-06-11,Metropolitana,Web,Insumos,Completada,3.0,153071.0,102689.0,29.51
OP-00637,2026-01-15,La Araucanía,Ejecutivo,Equipamiento,Completada,2.0,322385.0,250450.0,41.13
OP-00638,2026-08-13,Metropolitana,Web,Servicios,Completada,4.0,371158.0,224569.0,16.05
OP-00639,2026-04-13,Valparaíso,Web,Equipamiento,Completada,3.0,741063.0,553523.0,17.99
OP-00640,2026-03-02,Valparaíso,Marketplace,Servicios,Completada,5.0,490442.0,286437.0,26.52
OP-00641,2026-04-26,Maule,Marketplace,Insumos,Completada,2.0,93460.0,67554.0,21.29
OP-00642,2026-04-21,Biobío,Web,Equipamiento,Completada,9.0,1520935.0,1040934.0,11.62
OP-00643,2026-02-14,Antofagasta,Ejecutivo,Insumos,Completada,2.0,104582.0,71989.0,22.46
OP-00644,2026-03-02,Maule,Web,Servicios,Pendiente,2.0,154415.0,88441.0,26.92
OP-00645,2026-02-14,Antofagasta,Web,Insumos,Cancelada,2.0,114584.0,79209.0,12.91
OP-00646,2026-07-31,Valparaíso,Web,Servicios,Completada,4.0,392872.0,233900.0,28.37
OP-00647,2026-08-05,Valparaíso,Ejecutivo,Insumos,Completada,7.0,283676.0,201740.0,23.37
OP-00648,2026-01-09,Metropolitana,Marketplace,Servicios,Pendiente,5.0,527007.0,326012.0,11.35
OP-00649,2026-07-21,Antofagasta,,Insumos,Completada,2.0,79669.0,53902.0,28.54
OP-00650,2026-07-21,Metropolitana,Web,Insumos,Completada,7.0,364560.0,266424.0,18.13
OP-00651,2026-08-21,Valparaíso,Web,Insumos,Completada,4.0,233687.0,165483.0,24.72
OP-00652,2026-02-27,Metropolitana,Web,Insumos,Completada,2.0,97889.0,67363.0,8.74
OP-00653,2026-07-20,Metropolitana,Web,Equipamiento,Completada,2.0,314438.0,216686.0,8.9
OP-00654,2026-02-13,Metropolitana,Ejecutivo,Equipamiento,Completada,7.0,1473506.0,1038903.0,12.39
OP-00655,2026-02-09,La Araucanía,Ejecutivo,Insumos,Cancelada,7.0,411530.0,292956.0,21.54
OP-00656,2026-08-17,Metropolitana,Marketplace,Insumos,Completada,2.0,160808.0,109756.0,7.64
OP-00657,2026-06-21,Valparaíso,Teléfono,Insumos,Completada,6.0,361684.0,236196.0,15.95
OP-00658,2026-01-18,Metropolitana,Web,Equipamiento,Completada,3.0,545094.0,390230.0,16.54
OP-00659,2026-05-06,Valparaíso,Web,Equipamiento,Completada,5.0,1020034.0,726685.0,21.7
OP-00660,2026-08-09,Valparaíso,Web,Equipamiento,Completada,6.0,1143424.0,802614.0,7.88
OP-00661,2026-04-02,Valparaíso,Marketplace,Equipamiento,Completada,4.0,730619.0,549440.0,12.56
OP-00662,2026-05-21,Metropolitana,Web,Servicios,Completada,8.0,921340.0,499940.0,17.02
OP-00663,2026-03-07,Biobío,Web,Repuestos,Completada,3.0,334256.0,279517.0,18.41
OP-00664,2026-07-12,Metropolitana,Ejecutivo,Servicios,Completada,4.0,414775.0,223538.0,10.49
OP-00665,2026-06-13,Biobío,Ejecutivo,Insumos,Completada,3.0,189727.0,127457.0,12.87
OP-00666,2026-02-05,Metropolitana,Web,Insumos,Completada,8.0,430110.0,289613.0,14.58
OP-00667,2026-06-09,La Araucanía,Web,Insumos,Cancelada,4.0,171221.0,110831.0,54.65
OP-00668,2026-08-05,La Araucanía,Marketplace,Insumos,Completada,3.0,170896.0,123636.0,24.63
OP-00669,2026-05-09,Metropolitana,Ejecutivo,,Pendiente,3.0,159994.0,104738.0,15.12
OP-00670,2026-04-13,Metropolitana,Web,Servicios,Completada,4.0,317290.0,183746.0,15.28
OP-00671,2026-06-27,Biobío,Web,Repuestos,Completada,3.0,471228.0,376062.0,30.92
OP-00672,2026-02-08,Metropolitana,Teléfono,Equipamiento,Completada,7.0,1409244.0,1046293.0,20.18
OP-00673,2026-08-20,Antofagasta,Web,Equipamiento,Completada,4.0,602534.0,418377.0,8.06
OP-00674,2026-04-11,Metropolitana,Ejecutivo,Equipamiento,Completada,6.0,1029410.0,733258.0,19.58
OP-00675,2026-06-30,Metropolitana,Ejecutivo,Insumos,Cancelada,4.0,148614.0,100178.0,12.5
OP-00676,2026-03-11,Metropolitana,Ejecutivo,Equipamiento,Completada,4.0,673704.0,499883.0,10.03
OP-00677,2026-04-29,Metropolitana,Ejecutivo,Insumos,Completada,5.0,256611.0,178081.0,22.4
OP-00678,2026-03-12,Metropolitana,Ejecutivo,Equipamiento,Completada,6.0,922760.0,659273.0,7.03
OP-00679,2026-07-11,Metropolitana,Ejecutivo,Insumos,Completada,5.0,259937.0,169072.0,18.96
OP-00680,2026-04-24,Maule,Web,Servicios,Pendiente,4.0,533888.0,302222.0,22.85
OP-00681,2026-03-29,Metropolitana,Marketplace,,Completada,3.0,154255.0,111349.0,22.43
OP-00682,2026-08-12,La Araucanía,Web,Equipamiento,Completada,2.0,346641.0,274395.0,27.24
OP-00683,2026-06-08,Metropolitana,Web,Servicios,Completada,4.0,394765.0,230503.0,28.25
OP-00684,2026-03-27,Valparaíso,Web,Servicios,Pendiente,6.0,499059.0,298713.0,19.63
OP-00685,2026-02-26,La Araucanía,Ejecutivo,Insumos,Cancelada,4.0,345769.0,254665.0,13.53
OP-00686,2026-05-18,Metropolitana,Web,Equipamiento,Completada,4.0,609883.0,440793.0,21.23
OP-00687,2026-01-11,Valparaíso,Web,Equipamiento,Completada,3.0,425730.0,301720.0,14.66
OP-00688,2026-06-15,Metropolitana,Web,Insumos,Cancelada,6.0,319694.0,217062.0,11.4
OP-00689,2026-05-13,Metropolitana,Ejecutivo,Servicios,Completada,3.0,418410.0,246421.0,15.15
OP-00690,2026-05-11,Valparaíso,Web,Servicios,Completada,2.0,165956.0,96308.0,16.1
OP-00691,2026-04-08,Biobío,Teléfono,Equipamiento,Completada,1.0,229497.0,157558.0,12.9
OP-00692,2026-05-30,Metropolitana,Web,Equipamiento,Cancelada,2.0,278040.0,191864.0,19.24
OP-00693,2026-05-29,La Araucanía,Web,Repuestos,Completada,4.0,527751.0,454238.0,38.06
OP-00694,2026-06-20,Metropolitana,Web,Insumos,Completada,6.0,345496.0,228607.0,14.9
OP-00695,2026-04-02,Metropolitana,Web,Repuestos,Cancelada,5.0,639618.0,528638.0,23.25
OP-00696,2026-06-23,Maule,Ejecutivo,Insumos,Completada,4.0,304869.0,211125.0,31.34
OP-00697,2026-01-29,Metropolitana,Web,Equipamiento,Completada,2.0,423364.0,317525.0,9.05
OP-00698,2026-04-29,Maule,Web,Insumos,Completada,1.0,62695.0,41909.0,21.58
OP-00699,2026-04-13,Valparaíso,Web,Repuestos,Completada,3.0,418431.0,333997.0,29.98
OP-00700,2026-06-08,Valparaíso,Ejecutivo,Equipamiento,Completada,3.0,563751.0,389319.0,18.56
OP-00701,2026-01-31,Metropolitana,Marketplace,Insumos,Completada,6.0,371973.0,262310.0,9.06
OP-00702,2026-05-20,Metropolitana,Marketplace,Servicios,Completada,6.0,431813.0,268501.0,21.94
OP-00703,2026-06-30,Antofagasta,Teléfono,Servicios,Completada,4.0,308417.0,182500.0,16.5
OP-00704,2026-02-04,Maule,Web,Equipamiento,Completada,6.0,972916.0,670503.0,29.88
OP-00705,2026-08-10,Biobío,Marketplace,Insumos,Completada,5.0,304319.0,217654.0,20.32
OP-00706,2026-07-31,Metropolitana,Ejecutivo,Equipamiento,Completada,6.0,1028281.0,787690.0,18.06
OP-00707,2026-06-09,Metropolitana,Ejecutivo,Insumos,Completada,4.0,261135.0,188759.0,21.72
OP-00708,2026-06-26,Metropolitana,Web,Servicios,Completada,5.0,242889.0,130436.0,22.17
OP-00709,2026-06-13,Metropolitana,Web,Repuestos,Completada,1.0,134652.0,111465.0,24.17
OP-00710,2026-01-02,Metropolitana,Ejecutivo,Repuestos,Cancelada,4.0,476078.0,379994.0,17.67
OP-00711,2026-03-08,Valparaíso,Web,Servicios,Completada,6.0,423884.0,248870.0,16.79
OP-00712,2026-01-17,Valparaíso,Teléfono,Insumos,Completada,7.0,328447.0,223724.0,22.38
OP-00713,2026-08-09,Metropolitana,Ejecutivo,Insumos,Completada,1.0,65053.0,43756.0,7.47
OP-00714,2026-07-10,Biobío,Ejecutivo,Servicios,Completada,3.0,204246.0,119498.0,13.26
OP-00715,2026-02-18,Metropolitana,Ejecutivo,Repuestos,Completada,4.0,482582.0,408243.0,48.07
OP-00716,2026-07-23,Metropolitana,Ejecutivo,Servicios,Completada,5.0,469665.0,272174.0,14.67
OP-00717,2026-06-12,Metropolitana,Marketplace,Insumos,Completada,2.0,87848.0,58200.0,41.55
OP-00718,2026-04-14,Metropolitana,Teléfono,Insumos,Completada,3.0,178245.0,122596.0,12.73
OP-00719,2026-06-11,Metropolitana,Web,Repuestos,Completada,4.0,670241.0,536829.0,42.97
OP-00720,2026-07-22,Metropolitana,Marketplace,Repuestos,Completada,3.0,459800.0,358475.0,19.04
OP-00721,2026-05-23,Antofagasta,Marketplace,,Completada,6.0,918409.0,694903.0,19.43
OP-00722,2026-08-14,La Araucanía,Ejecutivo,Insumos,Completada,2.0,99888.0,70691.0,11.94
OP-00723,2026-05-29,Metropolitana,Ejecutivo,Servicios,Completada,8.0,847246.0,497403.0,13.55
OP-00724,2026-03-02,Valparaíso,Marketplace,Equipamiento,Completada,1.0,179668.0,136265.0,8.11
OP-00725,2026-04-12,Metropolitana,Marketplace,Repuestos,Completada,4.0,490454.0,401822.0,27.67
OP-00726,2026-02-10,Biobío,Marketplace,Equipamiento,Completada,5.0,1012020.0,726563.0,16.94
OP-00727,2026-04-10,Metropolitana,Web,Equipamiento,Completada,5.0,587206.0,394198.0,18.46
OP-00728,2026-05-27,Biobío,Web,Equipamiento,Pendiente,3.0,427454.0,307851.0,11.17
OP-00729,2026-06-28,Valparaíso,Web,Servicios,Completada,4.0,327071.0,194456.0,14.1
OP-00730,2026-02-12,Biobío,Teléfono,Insumos,Completada,3.0,165681.0,112919.0,18.31
OP-00731,2026-05-03,Metropolitana,Marketplace,Servicios,Completada,4.0,484527.0,277496.0,14.85
OP-00732,2026-07-02,La Araucanía,Web,Repuestos,Completada,1.0,120668.0,105926.0,21.07
OP-00733,2026-02-01,Biobío,Web,Servicios,Pendiente,1.0,89934.0,52531.0,19.43
OP-00734,2026-02-14,Biobío,Web,Servicios,Completada,4.0,375204.0,214675.0,12.19
OP-00735,2026-04-07,Biobío,Web,Equipamiento,Completada,6.0,1535347.0,1144341.0,8.82
OP-00736,2026-02-07,Metropolitana,Web,Servicios,Completada,5.0,507669.0,299562.0,14.0
OP-00737,2026-06-03,Metropolitana,Ejecutivo,Insumos,Completada,2.0,114311.0,77653.0,19.1
OP-00738,2026-05-18,Metropolitana,Ejecutivo,,Completada,5.0,454272.0,262077.0,17.94
OP-00739,2026-05-06,Antofagasta,Web,Servicios,Completada,6.0,750477.0,423339.0,19.42
OP-00740,2026-08-27,La Araucanía,Web,Servicios,Completada,3.0,211279.0,132277.0,42.11
OP-00741,2026-02-11,Metropolitana,Web,Equipamiento,Completada,6.0,1707372.0,1238669.0,17.95
OP-00742,2026-08-31,Metropolitana,Ejecutivo,Equipamiento,Cancelada,5.0,1250380.0,954600.0,7.93
OP-00743,2026-08-07,Maule,Web,Equipamiento,Completada,1.0,219353.0,157793.0,5.86
OP-00744,2026-08-25,Metropolitana,Web,Repuestos,Completada,8.0,1805506.0,1499633.0,17.23
OP-00745,2026-08-30,Maule,Marketplace,Insumos,Completada,4.0,265655.0,184355.0,22.67
OP-00746,2026-06-07,Metropolitana,Teléfono,Insumos,Completada,5.0,270199.0,168834.0,24.86
OP-00747,2026-08-15,Metropolitana,Web,Servicios,Completada,6.0,557750.0,319472.0,8.65
OP-00748,2026-05-31,Metropolitana,Web,Servicios,Completada,4.0,399975.0,242459.0,31.32
OP-00749,2026-07-01,Valparaíso,Web,Insumos,Completada,5.0,226622.0,149313.0,26.88
OP-00750,2026-06-27,Metropolitana,Marketplace,Insumos,Completada,5.0,203066.0,136767.0,13.31
OP-00751,2026-08-15,Antofagasta,,Servicios,Completada,3.0,365634.0,207359.0,20.26
OP-00752,2026-07-01,La Araucanía,Marketplace,Repuestos,Cancelada,3.0,557360.0,458408.0,46.02
OP-00753,2026-08-03,Biobío,Web,Insumos,Completada,10.0,551925.0,373820.0,12.82
OP-00754,2026-03-07,Antofagasta,Web,Servicios,Pendiente,8.0,913927.0,524976.0,11.77
OP-00755,2026-06-12,Valparaíso,Web,Servicios,Completada,7.0,1102270.0,673679.0,26.03
OP-00756,2026-08-28,La Araucanía,Marketplace,Repuestos,Completada,4.0,386520.0,358612.0,39.74
OP-00757,2026-06-09,Valparaíso,Ejecutivo,Insumos,Completada,8.0,491745.0,328087.0,12.04
OP-00758,2026-08-14,Valparaíso,Ejecutivo,Insumos,Completada,2.0,124606.0,89427.0,17.98
OP-00759,2026-04-20,Valparaíso,Web,Equipamiento,Completada,6.0,939611.0,689289.0,11.76
OP-00760,2026-06-15,Antofagasta,Web,Repuestos,Completada,2.0,211490.0,171609.0,23.98
OP-00761,2026-03-20,Antofagasta,Web,Insumos,Completada,3.0,191132.0,128791.0,11.26
OP-00762,2026-01-30,Valparaíso,Web,Insumos,Cancelada,4.0,235865.0,151973.0,12.96
OP-00763,2026-05-16,Valparaíso,Teléfono,Equipamiento,Completada,3.0,534167.0,392511.0,14.2
OP-00764,2026-03-11,La Araucanía,Ejecutivo,Insumos,Completada,4.0,185881.0,126133.0,28.37
OP-00765,2026-01-19,Metropolitana,Web,Insumos,Completada,3.0,128930.0,84371.0,11.74
OP-00766,2026-05-22,La Araucanía,Ejecutivo,Equipamiento,Completada,5.0,957908.0,744420.0,19.35
OP-00767,2026-08-25,Biobío,Ejecutivo,Equipamiento,Completada,5.0,851585.0,641151.0,11.67
OP-00768,2026-03-31,Valparaíso,Ejecutivo,Servicios,Completada,4.0,,253906.0,15.06
OP-00769,2026-07-18,La Araucanía,Marketplace,Insumos,Completada,4.0,245998.0,173860.0,35.68
OP-00770,2026-08-29,Biobío,Web,Equipamiento,Completada,4.0,1129095.0,811285.0,13.15
OP-00771,2026-02-12,Metropolitana,Teléfono,Repuestos,Completada,3.0,336590.0,278722.0,8.53
OP-00772,2026-06-29,Antofagasta,Marketplace,Equipamiento,Completada,3.0,449366.0,340761.0,29.91
OP-00773,2026-08-29,Antofagasta,Teléfono,Servicios,Completada,1.0,82728.0,47609.0,11.79
OP-00774,2026-01-30,Metropolitana,Ejecutivo,Insumos,Completada,7.0,341682.0,233768.0,29.59
OP-00775,2026-04-21,Maule,Ejecutivo,Servicios,Completada,2.0,146023.0,86079.0,18.86
OP-00776,2026-06-08,Metropolitana,Ejecutivo,Insumos,Completada,5.0,304273.0,207753.0,22.09
OP-00777,2026-07-24,Metropolitana,Web,Servicios,Completada,2.0,205370.0,116864.0,30.25
OP-00778,2026-07-20,Metropolitana,Marketplace,Servicios,Completada,5.0,385163.0,218878.0,23.21
OP-00779,2026-07-01,Metropolitana,Ejecutivo,Insumos,Completada,3.0,171067.0,119645.0,29.5
OP-00780,2026-01-25,Biobío,Ejecutivo,Equipamiento,Completada,2.0,446740.0,321882.0,19.74
OP-00781,2026-04-24,Valparaíso,Ejecutivo,Insumos,Completada,7.0,303006.0,214015.0,9.28
OP-00782,2026-07-28,Maule,Marketplace,Equipamiento,Pendiente,4.0,880261.0,649325.0,10.77
OP-00783,2026-02-08,Valparaíso,Web,Insumos,Completada,4.0,203534.0,141167.0,14.73
OP-00784,2026-07-26,Antofagasta,Web,Repuestos,Completada,4.0,567557.0,478835.0,20.05
OP-00785,2026-08-26,Metropolitana,Web,Servicios,Completada,3.0,212122.0,128495.0,7.96
OP-00786,2026-06-05,Maule,Web,Equipamiento,Completada,3.0,790971.0,567599.0,13.15
OP-00787,2026-06-12,Metropolitana,Ejecutivo,Equipamiento,Completada,2.0,258647.0,181688.0,20.08
OP-00788,2026-06-25,Valparaíso,Ejecutivo,Equipamiento,Completada,6.0,928288.0,671336.0,15.56
OP-00789,2026-05-08,Metropolitana,Ejecutivo,Repuestos,Completada,3.0,333168.0,281072.0,15.32
OP-00790,2026-06-22,Maule,Web,Repuestos,Completada,2.0,265852.0,211431.0,34.08
OP-00791,2026-07-05,Metropolitana,Ejecutivo,Insumos,Completada,5.0,330532.0,235304.0,23.59
OP-00792,2026-02-10,Antofagasta,Ejecutivo,Servicios,Completada,4.0,405856.0,235875.0,22.53
OP-00793,2026-03-07,Biobío,Ejecutivo,Insumos,Completada,5.0,353465.0,229443.0,12.69
OP-00794,2026-07-20,Metropolitana,Marketplace,Servicios,Completada,4.0,350263.0,209205.0,16.11
OP-00795,2026-05-20,Metropolitana,Web,Equipamiento,Completada,6.0,1160712.0,874635.0,21.72
OP-00796,2026-06-17,Maule,Ejecutivo,Insumos,Completada,4.0,229353.0,165089.0,14.88
OP-00797,2026-06-10,La Araucanía,Teléfono,Insumos,Completada,7.0,419085.0,295179.0,49.85
OP-00798,2026-08-18,Valparaíso,Marketplace,Insumos,Completada,2.0,133490.0,89868.0,9.31
OP-00799,2026-02-14,Valparaíso,Marketplace,Equipamiento,Completada,2.0,487585.0,355632.0,12.9
OP-00800,2026-03-07,Metropolitana,Ejecutivo,Equipamiento,Cancelada,4.0,494909.0,356807.0,18.84
OP-00801,2026-03-09,Metropolitana,Teléfono,Servicios,Completada,1.0,82439.0,50878.0,14.63
OP-00802,2026-08-17,Maule,Teléfono,Insumos,Completada,4.0,205956.0,139467.0,27.14
OP-00803,2026-04-05,Biobío,Teléfono,Repuestos,Completada,5.0,508980.0,423583.0,12.13
OP-00804,2026-03-01,Maule,Web,Servicios,Completada,5.0,575288.0,346221.0,13.14
OP-00805,2026-05-11,Metropolitana,Marketplace,Insumos,Completada,3.0,198366.0,134385.0,12.77
OP-00806,2026-02-02,Biobío,Web,Repuestos,Completada,4.0,584049.0,480469.0,20.96
OP-00807,2026-05-31,Biobío,Ejecutivo,Equipamiento,Completada,4.0,711534.0,481902.0,6.54
OP-00808,2026-08-10,Maule,Marketplace,Servicios,Completada,2.0,105158.0,63656.0,16.2
OP-00809,2026-04-29,Metropolitana,Ejecutivo,Equipamiento,Completada,2.0,194526.0,140843.0,26.23
OP-00810,2026-05-13,Metropolitana,Marketplace,Servicios,Completada,7.0,752374.0,448881.0,27.59
OP-00811,2026-04-18,Maule,Ejecutivo,,Completada,2.0,86033.0,58134.0,15.74
OP-00812,2026-05-23,Biobío,Marketplace,Insumos,Pendiente,3.0,168328.0,124270.0,10.33
OP-00813,2026-07-11,La Araucanía,Marketplace,Equipamiento,Cancelada,1.0,153185.0,127470.0,24.74
OP-00814,2026-06-19,Biobío,Web,Equipamiento,Completada,1.0,179634.0,131159.0,35.37
OP-00815,2026-02-05,Metropolitana,Marketplace,Servicios,Completada,4.0,425941.0,267407.0,16.24
OP-00816,2026-05-22,Biobío,Marketplace,Servicios,Cancelada,5.0,353632.0,211432.0,16.35
OP-00817,2026-05-11,Metropolitana,Ejecutivo,Insumos,Completada,5.0,241810.0,177215.0,17.2
OP-00818,2026-01-03,Metropolitana,Web,Equipamiento,Completada,5.0,894688.0,653404.0,9.51
OP-00819,2026-05-02,Metropolitana,Ejecutivo,Insumos,Cancelada,5.0,266131.0,183090.0,13.79
OP-00820,2026-01-24,Biobío,Marketplace,Servicios,Completada,1.0,93010.0,57621.0,15.59
OP-00821,2026-01-27,Metropolitana,Ejecutivo,Equipamiento,Completada,5.0,1143728.0,823873.0,10.61
OP-00822,2026-07-07,Metropolitana,Web,Insumos,Completada,6.0,198000.0,128572.0,7.97
OP-00823,2026-03-24,Biobío,Ejecutivo,Servicios,Completada,2.0,159093.0,94297.0,18.12
OP-00824,2026-02-25,Biobío,Ejecutivo,Insumos,Pendiente,2.0,99395.0,68848.0,18.43
OP-00825,2026-01-31,Maule,Ejecutivo,Servicios,Completada,3.0,229984.0,127883.0,21.93
OP-00826,2026-02-12,Biobío,Ejecutivo,Equipamiento,Completada,5.0,1215532.0,885004.0,21.6
OP-00827,2026-08-12,Biobío,Web,Equipamiento,Completada,1.0,157066.0,117628.0,20.29
OP-00828,2026-08-01,Metropolitana,Teléfono,Servicios,Completada,4.0,406343.0,236639.0,28.26
OP-00829,2026-08-01,Antofagasta,Web,Insumos,Completada,4.0,228407.0,159622.0,16.33
OP-00830,2026-08-26,Metropolitana,Marketplace,Repuestos,Completada,7.0,821023.0,729637.0,48.01
OP-00831,2026-07-25,Metropolitana,Web,Servicios,Completada,4.0,231242.0,133958.0,8.4
OP-00832,2026-08-01,Biobío,,Servicios,Completada,6.0,585249.0,324679.0,6.18
OP-00833,2026-01-14,Valparaíso,Teléfono,Insumos,Pendiente,3.0,214448.0,149552.0,23.88
OP-00834,2026-02-12,Valparaíso,Teléfono,Repuestos,Completada,3.0,413198.0,360675.0,27.17
OP-00835,2026-06-06,La Araucanía,Ejecutivo,Servicios,Completada,5.0,503775.0,304858.0,38.87
OP-00836,2026-03-15,Metropolitana,Ejecutivo,Insumos,Cancelada,4.0,223546.0,149106.0,16.37
OP-00837,2026-06-28,Valparaíso,Ejecutivo,Servicios,Completada,2.0,266221.0,158323.0,19.31
OP-00838,2026-03-15,La Araucanía,Marketplace,Servicios,Completada,10.0,584916.0,379455.0,32.48
OP-00839,2026-03-25,Metropolitana,Web,Servicios,Completada,5.0,401522.0,232269.0,32.95
OP-00840,2026-04-01,La Araucanía,Web,Equipamiento,Cancelada,3.0,480650.0,368984.0,19.17
OP-00841,2026-08-29,Maule,Ejecutivo,Servicios,Completada,4.0,423479.0,241324.0,12.25
OP-00842,2026-06-29,Metropolitana,Teléfono,Equipamiento,Pendiente,8.0,1272730.0,964603.0,12.37
OP-00843,2026-08-06,Valparaíso,Ejecutivo,Insumos,Completada,4.0,188605.0,126391.0,17.04
OP-00844,2026-08-09,Maule,Web,Equipamiento,Completada,8.0,2511538.0,1749623.0,19.32
OP-00845,2026-06-12,Metropolitana,Web,Equipamiento,Completada,6.0,924211.0,643309.0,17.29
OP-00846,2026-07-08,Valparaíso,Teléfono,Insumos,Completada,6.0,374823.0,246413.0,23.54
OP-00847,2026-07-13,Antofagasta,Web,Equipamiento,Completada,6.0,1002860.0,727763.0,15.54
OP-00848,2026-04-02,Metropolitana,Ejecutivo,Repuestos,Completada,5.0,670994.0,556827.0,19.29
OP-00849,2026-07-29,Metropolitana,Marketplace,Servicios,Completada,4.0,317256.0,192952.0,20.29
OP-00850,2026-05-23,Metropolitana,Ejecutivo,Insumos,Completada,7.0,443053.0,311421.0,11.91
OP-00851,2026-04-09,Biobío,Web,Equipamiento,Completada,3.0,606396.0,460421.0,10.53
OP-00852,2026-04-28,Maule,Web,Servicios,Completada,3.0,207781.0,115163.0,20.84
OP-00853,2026-07-06,Metropolitana,Web,Servicios,Completada,3.0,320152.0,188798.0,10.59
OP-00854,2026-01-01,Maule,Web,Repuestos,Completada,6.0,840505.0,693430.0,27.4
OP-00855,2026-07-29,Antofagasta,Ejecutivo,Insumos,Completada,6.0,233283.0,167257.0,30.87
OP-00856,2026-01-03,Metropolitana,Web,Servicios,Completada,5.0,264127.0,150006.0,12.68
OP-00857,2026-07-13,Metropolitana,Web,Servicios,Completada,2.0,182975.0,110187.0,11.62
OP-00858,2026-03-16,Metropolitana,Web,Servicios,Completada,2.0,228325.0,130815.0,28.14
OP-00859,2026-06-17,Biobío,Ejecutivo,Repuestos,Completada,2.0,288468.0,232973.0,12.73
OP-00860,2026-04-12,Metropolitana,Ejecutivo,Equipamiento,Completada,2.0,328646.0,234309.0,9.21
OP-00861,2026-01-19,Maule,Web,Insumos,Completada,4.0,256680.0,182629.0,13.24
OP-00862,2026-05-12,Biobío,Web,Servicios,Completada,5.0,340055.0,192413.0,14.83
OP-00863,2026-03-22,Metropolitana,Marketplace,Repuestos,Completada,5.0,553201.0,481127.0,25.75
OP-00864,2026-07-04,La Araucanía,Web,Insumos,Completada,4.0,198209.0,150461.0,53.52
OP-00865,2026-03-30,Biobío,Ejecutivo,Repuestos,Cancelada,2.0,263812.0,226842.0,20.2
OP-00866,2026-07-03,Metropolitana,Ejecutivo,Servicios,Completada,1.0,129147.0,75143.0,36.44
OP-00867,2026-04-11,Valparaíso,Web,Insumos,Completada,3.0,164607.0,111736.0,8.91
OP-00868,2026-04-27,Maule,Ejecutivo,Insumos,Completada,4.0,249039.0,174154.0,15.8
OP-00869,2026-04-07,Biobío,Web,Servicios,Completada,6.0,637525.0,361517.0,9.6
OP-00870,2026-02-07,Metropolitana,Web,Equipamiento,Completada,3.0,291930.0,222437.0,16.07
OP-00871,2026-02-02,Metropolitana,Web,Insumos,Completada,4.0,247134.0,170641.0,9.57
OP-00872,2026-05-10,Metropolitana,Ejecutivo,Insumos,Completada,2.0,139278.0,90229.0,10.88
OP-00873,2026-04-15,Biobío,Web,Servicios,Completada,6.0,378374.0,226835.0,17.74
OP-00874,2026-07-26,Metropolitana,Marketplace,Repuestos,Completada,1.0,164495.0,140873.0,28.86
OP-00875,2026-02-25,Metropolitana,Marketplace,Equipamiento,Completada,3.0,486986.0,351915.0,13.3
OP-00876,2026-05-16,Metropolitana,Web,Insumos,Completada,2.0,120531.0,77858.0,26.54
OP-00877,2026-08-22,Biobío,Marketplace,Insumos,Completada,4.0,236079.0,167219.0,7.65
OP-00878,2026-03-07,Biobío,Web,Repuestos,Completada,1.0,161977.0,128489.0,30.33
OP-00879,2026-07-01,Metropolitana,Web,Repuestos,Completada,4.0,508800.0,412524.0,17.09
OP-00880,2026-05-18,Metropolitana,Ejecutivo,Repuestos,Completada,5.0,437038.0,363862.0,11.27
OP-00881,2026-02-05,Metropolitana,Teléfono,Insumos,Completada,2.0,99936.0,73413.0,14.3
OP-00882,2026-08-14,Maule,Ejecutivo,Equipamiento,Completada,2.0,339032.0,251575.0,13.58
OP-00883,2026-07-30,Antofagasta,Web,Servicios,Completada,7.0,574029.0,331712.0,25.55
OP-00884,2026-03-04,Valparaíso,Ejecutivo,Equipamiento,Completada,4.0,1098132.0,768619.0,29.85
OP-00885,2026-01-09,Metropolitana,Marketplace,Repuestos,Completada,3.0,461206.0,377882.0,20.3
OP-00886,2026-07-16,Metropolitana,Web,Equipamiento,Completada,2.0,298087.0,209585.0,15.93
OP-00887,2026-07-17,Valparaíso,Web,Insumos,Completada,5.0,185518.0,126290.0,26.33
OP-00888,2026-05-27,Biobío,Web,Equipamiento,Completada,4.0,940548.0,710327.0,8.92
OP-00889,2026-03-22,Valparaíso,Web,Insumos,Completada,5.0,275242.0,193666.0,11.42
OP-00890,2026-04-16,Metropolitana,Marketplace,Equipamiento,Completada,8.0,1044690.0,810628.0,27.03
OP-00891,2026-02-09,Valparaíso,,Servicios,Completada,5.0,392914.0,232997.0,19.33
OP-00892,2026-05-18,Biobío,Marketplace,Servicios,Completada,3.0,239163.0,,15.1
OP-00893,2026-04-15,Metropolitana,Ejecutivo,Insumos,Completada,5.0,289712.0,201079.0,23.74
OP-00894,2026-02-06,Valparaíso,Web,Servicios,Completada,6.0,564242.0,321014.0,16.32
OP-00895,2026-05-02,Biobío,Web,Insumos,Completada,1.0,51050.0,33406.0,17.79
OP-00896,2026-01-12,La Araucanía,Ejecutivo,,Completada,4.0,169803.0,123726.0,22.03
OP-00897,2026-06-22,Valparaíso,Web,Repuestos,Completada,4.0,631199.0,486371.0,20.63
OP-00898,2026-06-14,Valparaíso,Teléfono,Equipamiento,Completada,5.0,805358.0,589539.0,29.79
OP-00899,2026-06-05,La Araucanía,Web,Equipamiento,Completada,3.0,694210.0,516189.0,23.33
OP-00900,2026-05-03,Metropolitana,Teléfono,Equipamiento,Completada,6.0,935236.0,706918.0,18.41
OP-00901,2026-04-04,Valparaíso,Marketplace,Insumos,Completada,2.0,85606.0,62035.0,10.89
OP-00902,2026-02-15,Metropolitana,Marketplace,Insumos,Pendiente,4.0,224038.0,161560.0,21.86
OP-00903,2026-08-23,Maule,Marketplace,Repuestos,Completada,4.0,548156.0,487948.0,176.5
OP-00904,2026-05-25,Metropolitana,Ejecutivo,Repuestos,Completada,1.0,118346.0,95264.0,33.94
OP-00905,2026-02-08,Metropolitana,Web,Insumos,Completada,5.0,269955.0,176016.0,17.75
OP-00906,2026-06-01,Biobío,Ejecutivo,Insumos,Completada,3.0,141108.0,98249.0,6.72
OP-00907,2026-04-05,Metropolitana,Web,Equipamiento,Completada,1.0,229597.0,164852.0,15.3
OP-00908,2026-06-26,Metropolitana,Web,Insumos,Cancelada,5.0,290948.0,204417.0,15.16
OP-00909,2026-06-15,Metropolitana,Ejecutivo,Equipamiento,Completada,7.0,1778384.0,1319492.0,22.09
OP-00910,2026-01-14,La Araucanía,Ejecutivo,Insumos,Completada,4.0,246323.0,,12.72
OP-00911,2026-04-18,Metropolitana,Ejecutivo,,Completada,4.0,515655.0,374249.0,15.23
OP-00912,2026-04-13,Biobío,Web,Equipamiento,Completada,5.0,888441.0,680909.0,19.43
OP-00913,2026-08-08,Valparaíso,Ejecutivo,Equipamiento,Completada,4.0,584288.0,447074.0,15.42
OP-00914,2026-08-22,Valparaíso,Marketplace,Insumos,Completada,6.0,202892.0,153426.0,8.58
OP-00915,2026-06-18,Antofagasta,Marketplace,Equipamiento,Completada,1.0,192613.0,141195.0,21.69
OP-00916,2026-04-10,Metropolitana,Marketplace,Equipamiento,Completada,4.0,747992.0,587943.0,14.49
OP-00917,2026-02-10,Metropolitana,Ejecutivo,Insumos,Completada,4.0,191060.0,137521.0,17.2
OP-00918,2026-03-04,Antofagasta,Web,Equipamiento,Completada,7.0,1198347.0,873764.0,13.57
OP-00919,2026-08-03,Metropolitana,Web,Insumos,Cancelada,2.0,90989.0,62395.0,16.19
OP-00920,2026-02-12,Valparaíso,Web,Servicios,Completada,1.0,87985.0,51669.0,10.54
OP-00921,2026-05-03,Valparaíso,Ejecutivo,Insumos,Completada,5.0,217442.0,141651.0,13.33
OP-00922,2026-02-21,Valparaíso,Web,Servicios,Completada,3.0,280666.0,158850.0,20.35
OP-00923,2026-05-01,La Araucanía,Ejecutivo,Insumos,Completada,8.0,370280.0,275172.0,22.6
OP-00924,2026-05-31,Metropolitana,Web,Repuestos,Completada,1.0,114118.0,93522.0,19.61
OP-00925,2026-01-25,Metropolitana,Ejecutivo,Equipamiento,Completada,3.0,473479.0,345525.0,45.03
OP-00926,2026-04-26,La Araucanía,Web,Equipamiento,Completada,6.0,1112207.0,843396.0,15.57
OP-00927,2026-08-26,Biobío,Web,Insumos,Completada,8.0,371101.0,261783.0,15.5
OP-00928,2026-08-30,Biobío,Web,Equipamiento,Completada,4.0,481535.0,362800.0,26.83
OP-00929,2026-04-04,La Araucanía,Web,Servicios,Completada,6.0,606212.0,392809.0,19.28
OP-00930,2026-04-02,Metropolitana,Web,Equipamiento,Completada,3.0,417671.0,300140.0,9.37
OP-00931,2026-06-02,Metropolitana,Teléfono,Servicios,Completada,1.0,83249.0,48987.0,15.35
OP-00932,2026-02-01,Metropolitana,Web,Insumos,Completada,1.0,47350.0,30633.0,15.54
OP-00933,2026-05-05,Valparaíso,Web,Equipamiento,Completada,3.0,359170.0,248436.0,29.56
OP-00934,2026-01-05,Valparaíso,Ejecutivo,Equipamiento,Completada,6.0,1016242.0,695591.0,26.22
OP-00935,2026-03-18,Metropolitana,Web,Insumos,Completada,3.0,106216.0,71924.0,19.73
OP-00936,2026-05-05,Antofagasta,Ejecutivo,Servicios,Cancelada,6.0,518084.0,288074.0,20.39
OP-00937,2026-06-17,Metropolitana,Web,Equipamiento,Cancelada,4.0,703974.0,488075.0,20.31
OP-00938,2026-01-02,Biobío,Teléfono,Insumos,Completada,2.0,113360.0,79638.0,14.04
OP-00939,2026-05-25,Antofagasta,Marketplace,Equipamiento,Completada,8.0,1301127.0,968167.0,10.72
OP-00940,2026-06-12,Valparaíso,Teléfono,,Cancelada,5.0,758878.0,569072.0,21.21
OP-00941,2026-01-20,Metropolitana,Web,Servicios,Completada,2.0,149696.0,87854.0,13.43
OP-00942,2026-03-18,La Araucanía,Web,Servicios,Completada,3.0,295537.0,170434.0,26.58
OP-00943,2026-06-06,Biobío,Web,Insumos,Completada,4.0,123915.0,86016.0,17.45
OP-00944,2026-06-13,Maule,Web,Insumos,Completada,3.0,186216.0,131621.0,11.65
OP-00945,2026-04-29,Antofagasta,Teléfono,Servicios,Completada,1.0,79743.0,46597.0,13.24
OP-00946,2026-05-04,Valparaíso,Web,Insumos,Completada,1.0,44911.0,32496.0,14.47
OP-00947,2026-05-08,Metropolitana,Web,Servicios,Completada,1.0,89572.0,55211.0,18.48
OP-00948,2026-05-05,Valparaíso,Web,Equipamiento,Completada,5.0,842623.0,619063.0,21.52
OP-00949,2026-03-06,Maule,Web,Equipamiento,Completada,2.0,518949.0,378599.0,12.49
OP-00950,2026-07-13,Biobío,Ejecutivo,Insumos,Completada,4.0,220944.0,148257.0,13.84
OP-00951,2026-08-12,Metropolitana,Ejecutivo,Servicios,Completada,3.0,289738.0,159695.0,8.6
OP-00952,2026-07-08,Metropolitana,Marketplace,Servicios,Completada,4.0,349663.0,200634.0,16.87
OP-00953,2026-06-18,Metropolitana,Marketplace,Servicios,Completada,3.0,286384.0,175094.0,34.62
OP-00954,2026-02-19,Biobío,Marketplace,Servicios,Completada,4.0,327940.0,214365.0,22.5
OP-00955,2026-03-25,Maule,Marketplace,Equipamiento,Cancelada,7.0,1719902.0,1304340.0,17.44
OP-00956,2026-01-11,Maule,Web,Equipamiento,Completada,3.0,415586.0,284931.0,24.69
OP-00957,2026-01-27,Metropolitana,Web,Insumos,Completada,2.0,102372.0,73603.0,24.53
OP-00958,2026-04-05,Maule,Ejecutivo,Insumos,Cancelada,2.0,82142.0,55333.0,10.37
OP-00959,2026-05-23,Metropolitana,Web,Servicios,Completada,10.0,1330943.0,795964.0,16.86
OP-00960,2026-04-15,Biobío,Ejecutivo,Servicios,Completada,2.0,178371.0,101070.0,17.69
OP-00961,2026-08-05,Antofagasta,Web,Equipamiento,Completada,6.0,1099468.0,823370.0,15.68
OP-00962,2026-05-25,Antofagasta,Teléfono,Servicios,Completada,4.0,346698.0,196752.0,11.97
OP-00963,2026-07-25,Metropolitana,Marketplace,Repuestos,Completada,2.0,248769.0,218675.0,29.25
OP-00964,2026-06-05,Valparaíso,Teléfono,Insumos,Completada,6.0,305188.0,205328.0,17.09
OP-00965,2026-01-19,Valparaíso,Ejecutivo,Servicios,Completada,1.0,68112.0,42302.0,18.95
OP-00966,2026-03-23,Valparaíso,,Servicios,Completada,4.0,414002.0,235986.0,11.0
OP-00967,2026-06-19,Valparaíso,Teléfono,Insumos,Completada,2.0,79659.0,53510.0,19.37
OP-00968,2026-02-06,Metropolitana,Ejecutivo,Servicios,Completada,4.0,341207.0,187133.0,14.06
OP-00969,2026-05-05,Antofagasta,Marketplace,Equipamiento,Completada,3.0,477166.0,379571.0,20.06
OP-00970,2026-08-13,Metropolitana,Marketplace,Servicios,Pendiente,3.0,234143.0,147171.0,15.92
OP-00971,2026-07-25,Metropolitana,Web,Equipamiento,Completada,2.0,368912.0,271020.0,18.38
OP-00972,2026-03-28,Maule,Marketplace,Insumos,Completada,3.0,162637.0,110215.0,23.27
OP-00973,2026-01-05,Metropolitana,Ejecutivo,Insumos,Completada,6.0,423393.0,285090.0,11.69
OP-00974,2026-03-25,Metropolitana,Web,,Completada,3.0,160149.0,110100.0,16.19
OP-00975,2026-05-22,Biobío,Web,Servicios,Completada,5.0,430419.0,248187.0,11.65
OP-00976,2026-02-25,Metropolitana,Ejecutivo,Insumos,Completada,3.0,167718.0,120185.0,17.49
OP-00977,2026-05-01,Metropolitana,Ejecutivo,Insumos,Completada,2.0,148952.0,100133.0,25.7
OP-00978,2026-01-07,Biobío,Teléfono,Insumos,Completada,2.0,103652.0,68652.0,23.35
OP-00979,2026-06-16,Biobío,Marketplace,Insumos,Completada,2.0,99186.0,68480.0,21.3
OP-00980,2026-01-28,Maule,Marketplace,Insumos,Completada,6.0,261313.0,183581.0,13.94
OP-00981,2026-08-05,Maule,Web,Equipamiento,Completada,2.0,235726.0,174865.0,22.64
OP-00982,2026-01-23,La Araucanía,Web,Equipamiento,Completada,5.0,1363454.0,998252.0,23.01
OP-00983,2026-04-13,Antofagasta,Ejecutivo,Insumos,Completada,8.0,420311.0,286228.0,13.33
OP-00984,2026-07-10,Metropolitana,Ejecutivo,Servicios,Completada,3.0,207302.0,116168.0,13.66
OP-00985,2026-05-30,Metropolitana,Web,Servicios,Cancelada,8.0,1166013.0,701467.0,8.83
OP-00986,2026-02-01,Valparaíso,Ejecutivo,Insumos,Completada,2.0,110622.0,78293.0,7.58
OP-00987,2026-07-31,Maule,Web,Equipamiento,Completada,4.0,614076.0,415419.0,18.71
OP-00988,2026-06-12,Metropolitana,Marketplace,Insumos,Completada,4.0,182926.0,129044.0,20.89
OP-00989,2026-01-22,Metropolitana,Web,Equipamiento,Cancelada,2.0,407520.0,288475.0,8.11
OP-00990,2026-02-16,Biobío,Web,Equipamiento,Completada,6.0,1044845.0,792331.0,16.24
OP-00991,2026-01-01,La Araucanía,Marketplace,Repuestos,Cancelada,5.0,571966.0,525044.0,57.46
OP-00992,2026-07-06,Metropolitana,Marketplace,Servicios,Completada,5.0,434817.0,280283.0,14.47
OP-00993,2026-07-17,Valparaíso,Ejecutivo,Insumos,Completada,6.0,373206.0,270413.0,13.17
OP-00994,2026-02-28,Valparaíso,Web,Repuestos,Completada,6.0,825381.0,669649.0,38.8
OP-00995,2026-07-26,Antofagasta,Ejecutivo,Insumos,Completada,3.0,212108.0,135058.0,31.84
OP-00996,2026-05-03,Valparaíso,Ejecutivo,Equipamiento,Completada,2.0,321987.0,243615.0,20.76
OP-00997,2026-08-07,Metropolitana,Marketplace,Repuestos,Completada,4.0,512185.0,426180.0,15.54
OP-00998,2026-05-18,La Araucanía,Teléfono,Servicios,Completada,11.0,838824.0,528839.0,33.41
OP-00999,2026-03-03,Metropolitana,Web,Repuestos,Completada,7.0,935792.0,806211.0,37.65
OP-01000,2026-07-02,Metropolitana,Web,Insumos,Completada,3.0,156707.0,104763.0,22.48
OP-01001,2026-04-22,Biobío,Ejecutivo,Servicios,Completada,1.0,93864.0,53509.0,21.42
OP-01002,2026-01-06,Antofagasta,Ejecutivo,Equipamiento,Pendiente,4.0,791340.0,566505.0,23.07
OP-01003,2026-03-10,La Araucanía,Ejecutivo,Insumos,Completada,4.0,264914.0,,23.09
OP-01004,2026-06-17,Metropolitana,Teléfono,Servicios,Completada,5.0,353458.0,201591.0,9.32
OP-01005,2026-08-03,Biobío,Marketplace,,Completada,5.0,258335.0,169858.0,26.1
OP-01006,2026-06-22,Metropolitana,Ejecutivo,Insumos,Completada,3.0,176247.0,126210.0,21.96
OP-01007,2026-04-11,Biobío,Teléfono,Insumos,Completada,2.0,98426.0,69768.0,27.23
OP-01008,2026-08-19,Maule,Web,Equipamiento,Completada,6.0,1806971.0,1307581.0,9.74
OP-01009,2026-02-20,Valparaíso,,Insumos,Completada,2.0,110672.0,74576.0,10.26
OP-01010,2026-01-26,Biobío,Marketplace,Insumos,Completada,2.0,90816.0,58041.0,17.99
OP-01011,2026-02-06,La Araucanía,Marketplace,Insumos,Completada,3.0,191811.0,145252.0,31.38
OP-01012,2026-02-22,Metropolitana,Web,Insumos,Completada,5.0,272978.0,190141.0,14.04
OP-01013,2026-02-08,Antofagasta,Web,Insumos,Completada,4.0,195335.0,143286.0,14.52
OP-01014,2026-05-29,Metropolitana,Marketplace,Insumos,Completada,1.0,59453.0,40673.0,13.31
OP-01015,2026-03-07,Metropolitana,Web,Insumos,Completada,2.0,149436.0,100798.0,15.37
OP-01016,2026-04-13,La Araucanía,Ejecutivo,,Cancelada,6.0,684462.0,423629.0,28.57
OP-01017,2026-06-27,Metropolitana,Teléfono,Insumos,Completada,4.0,246460.0,180603.0,22.6
OP-01018,2026-01-10,Metropolitana,Ejecutivo,Servicios,Completada,3.0,285269.0,171876.0,11.38
OP-01019,2026-08-07,Metropolitana,Ejecutivo,Insumos,Completada,2.0,83169.0,56569.0,10.27
OP-01020,2026-08-23,Antofagasta,Marketplace,Equipamiento,Completada,4.0,478806.0,359665.0,9.77
OP-01021,2026-07-02,Biobío,Web,Servicios,Completada,7.0,505499.0,301121.0,21.31
OP-01022,2026-01-03,Biobío,Web,Insumos,Completada,4.0,224346.0,147623.0,15.91
OP-01023,2026-08-03,La Araucanía,Web,Servicios,Completada,4.0,345411.0,205249.0,31.63
OP-01024,2026-05-14,La Araucanía,Web,Equipamiento,Cancelada,7.0,1123195.0,908251.0,36.87
OP-01025,2026-01-17,Metropolitana,Web,Equipamiento,Completada,3.0,698308.0,487121.0,14.61
OP-01026,2026-03-14,Metropolitana,Web,Servicios,Completada,3.0,240253.0,132301.0,19.45
OP-01027,2026-07-30,Metropolitana,Web,Equipamiento,Completada,3.0,818364.0,575413.0,33.68
OP-01028,2026-06-29,Maule,Web,Repuestos,Completada,8.0,1020899.0,829746.0,15.23
OP-01029,2026-07-13,Metropolitana,Ejecutivo,Insumos,Completada,8.0,425698.0,271849.0,11.18
OP-01030,2026-05-12,La Araucanía,Ejecutivo,Insumos,Completada,2.0,108773.0,79816.0,31.54
OP-01031,2026-05-23,Metropolitana,Web,Repuestos,Completada,3.0,306556.0,267657.0,24.34
OP-01032,2026-05-01,Metropolitana,Ejecutivo,Insumos,Completada,4.0,182889.0,129311.0,10.27
OP-01033,2026-01-08,Valparaíso,Teléfono,Repuestos,Completada,7.0,793880.0,697872.0,138.81
OP-01034,2026-08-26,Valparaíso,Marketplace,Insumos,Completada,3.0,122636.0,85657.0,16.19
OP-01035,2026-07-19,Metropolitana,Web,Insumos,Completada,3.0,207201.0,143937.0,13.68
OP-01036,2026-07-05,Valparaíso,Web,Equipamiento,Completada,8.0,1510944.0,1109997.0,18.89
OP-01037,2026-06-09,La Araucanía,Web,Servicios,Completada,7.0,990116.0,614233.0,35.83
OP-01038,2026-05-23,Metropolitana,Ejecutivo,Repuestos,Completada,6.0,684384.0,535997.0,18.11
OP-01039,2026-07-12,Metropolitana,Ejecutivo,Repuestos,Cancelada,4.0,527385.0,441598.0,34.66
OP-01040,2026-02-01,Biobío,Marketplace,Equipamiento,Completada,5.0,854909.0,681797.0,17.32
OP-01041,2026-05-24,Metropolitana,Web,Equipamiento,Cancelada,3.0,691816.0,506142.0,40.02
OP-01042,2026-02-20,Valparaíso,Web,Insumos,Completada,1.0,78307.0,50684.0,13.7
OP-01043,2026-03-19,Metropolitana,Ejecutivo,Equipamiento,Completada,2.0,438441.0,302373.0,20.62
OP-01044,2026-08-16,Valparaíso,Marketplace,Servicios,Pendiente,6.0,455649.0,276882.0,15.48
OP-01045,2026-08-31,Metropolitana,Ejecutivo,Servicios,Completada,3.0,245465.0,143198.0,10.77
OP-01046,2026-08-25,Metropolitana,Ejecutivo,Insumos,Completada,3.0,125507.0,84286.0,20.04
OP-01047,2026-08-30,Metropolitana,Web,Equipamiento,Completada,8.0,1346781.0,955177.0,11.81
OP-01048,2026-07-28,Valparaíso,Web,Equipamiento,Completada,1.0,176903.0,123975.0,11.94
OP-01049,2026-07-02,Metropolitana,Ejecutivo,Insumos,Completada,1.0,46453.0,31398.0,8.14
OP-01050,2026-02-25,Valparaíso,Marketplace,Insumos,Cancelada,3.0,174339.0,124902.0,14.97
OP-01051,2026-08-15,Metropolitana,Marketplace,Equipamiento,Completada,1.0,189960.0,146085.0,9.02
OP-01052,2026-06-09,Biobío,Web,Insumos,Cancelada,7.0,493959.0,327593.0,14.73
OP-01053,2026-03-29,La Araucanía,,Insumos,Completada,3.0,219018.0,163075.0,24.7
OP-01054,2026-04-04,Metropolitana,Web,Equipamiento,Completada,7.0,828161.0,607359.0,13.91
OP-01055,2026-02-17,Antofagasta,Web,Insumos,Pendiente,4.0,217591.0,138299.0,13.43
OP-01056,2026-02-28,Valparaíso,Teléfono,Insumos,Completada,5.0,212925.0,139720.0,24.06
OP-01057,2026-03-29,Biobío,Web,Repuestos,Completada,6.0,720963.0,582614.0,26.5
OP-01058,2026-07-30,Metropolitana,Web,Insumos,Completada,10.0,727652.0,511533.0,17.84
OP-01059,2026-06-28,Valparaíso,Web,Equipamiento,Completada,3.0,621520.0,449256.0,20.75
OP-01060,2026-08-09,Antofagasta,Marketplace,Insumos,Completada,3.0,123961.0,87097.0,14.02
OP-01061,2026-07-16,Maule,Marketplace,Repuestos,Completada,2.0,216389.0,178590.0,18.67
OP-01062,2026-03-13,Metropolitana,,Insumos,Completada,5.0,349377.0,226563.0,13.21
OP-01063,2026-01-23,Metropolitana,Ejecutivo,Servicios,Completada,4.0,475178.0,291765.0,23.72
OP-01064,2026-05-28,Metropolitana,Web,Insumos,Completada,3.0,201499.0,132062.0,25.92
OP-01065,2026-03-10,Biobío,Ejecutivo,Equipamiento,Completada,2.0,297035.0,204233.0,12.43
OP-01066,2026-08-29,Valparaíso,Web,Insumos,Completada,5.0,286433.0,196743.0,13.13
OP-01067,2026-03-06,Biobío,Web,Equipamiento,Completada,4.0,599986.0,435806.0,10.78
OP-01068,2026-07-05,Valparaíso,Web,Insumos,Completada,2.0,100213.0,68332.0,21.13
OP-01069,2026-06-09,Maule,Web,Insumos,Completada,1.0,,33293.0,10.66
OP-01070,2026-05-13,Biobío,Ejecutivo,Insumos,Completada,3.0,138722.0,91077.0,22.11
OP-01071,2026-05-06,Valparaíso,Teléfono,Equipamiento,Cancelada,7.0,1328072.0,915733.0,12.6
OP-01072,2026-01-11,La Araucanía,Web,Insumos,Completada,4.0,317561.0,233747.0,22.88
OP-01073,2026-03-08,Valparaíso,Teléfono,Insumos,Completada,3.0,207786.0,144163.0,9.02
OP-01074,2026-03-14,Antofagasta,Web,Insumos,Pendiente,4.0,156413.0,108129.0,13.88
OP-01075,2026-06-08,Biobío,Teléfono,Servicios,Completada,3.0,,119466.0,23.16
OP-01076,2026-08-16,Metropolitana,Ejecutivo,Equipamiento,Completada,3.0,565639.0,390794.0,12.62
OP-01077,2026-05-30,Metropolitana,Web,Insumos,Cancelada,1.0,52099.0,34447.0,21.72
OP-01078,2026-04-14,Metropolitana,Ejecutivo,Insumos,Completada,8.0,301380.0,209335.0,102.36
OP-01079,2026-06-05,Antofagasta,Marketplace,Equipamiento,Completada,5.0,1008216.0,736589.0,138.5
OP-01080,2026-01-05,Valparaíso,Marketplace,Servicios,Completada,3.0,361458.0,216960.0,16.67
OP-01081,2026-04-16,Valparaíso,Web,Insumos,Completada,1.0,85902.0,56959.0,10.9
OP-01082,2026-03-09,Antofagasta,Web,Repuestos,Cancelada,9.0,817872.0,677218.0,29.3
OP-01083,2026-07-31,Biobío,Marketplace,Servicios,Completada,4.0,321555.0,202903.0,13.64
OP-01084,2026-03-16,Antofagasta,Ejecutivo,Equipamiento,Pendiente,4.0,607586.0,461701.0,19.08
OP-01085,2026-08-25,Metropolitana,Marketplace,,Completada,2.0,95333.0,67993.0,24.13
OP-01086,2026-05-14,Maule,Marketplace,Insumos,Completada,5.0,185565.0,127288.0,17.0
OP-01087,2026-08-29,Metropolitana,Marketplace,Insumos,Completada,4.0,323959.0,228451.0,13.77
OP-01088,2026-08-15,Biobío,Web,Servicios,Completada,3.0,240612.0,142136.0,7.66
OP-01089,2026-08-24,Metropolitana,Web,Insumos,Completada,4.0,230964.0,158970.0,13.66
OP-01090,2026-02-04,Metropolitana,Marketplace,Servicios,Completada,4.0,454642.0,276642.0,8.77
OP-01091,2026-06-09,Maule,Web,Servicios,Completada,3.0,216969.0,130625.0,21.84
OP-01092,2026-03-21,Metropolitana,Web,Insumos,Cancelada,6.0,389501.0,263785.0,15.72
OP-01093,2026-07-25,Metropolitana,Web,,Completada,2.0,383203.0,300184.0,63.02
OP-01094,2026-02-25,Biobío,Ejecutivo,Equipamiento,Completada,5.0,1075774.0,774319.0,14.93
OP-01095,2026-05-10,Valparaíso,Ejecutivo,Repuestos,Cancelada,6.0,819320.0,670970.0,22.39
OP-01096,2026-05-11,Valparaíso,Ejecutivo,Insumos,Completada,1.0,46901.0,35126.0,9.35
OP-01097,2026-07-06,Maule,Web,Equipamiento,Completada,6.0,791995.0,581678.0,16.6
OP-01098,2026-02-07,La Araucanía,Ejecutivo,Insumos,Completada,3.0,135134.0,101598.0,22.06
OP-01099,2026-01-22,Metropolitana,Web,Servicios,Cancelada,2.0,177747.0,100347.0,24.4
OP-01100,2026-05-03,Maule,Web,Insumos,Completada,7.0,574645.0,379859.0,14.73
OP-01101,2026-08-20,Maule,Marketplace,Insumos,Completada,5.0,179428.0,135106.0,11.94
OP-01102,2026-05-11,Valparaíso,Web,Insumos,Completada,2.0,87821.0,57333.0,15.69
OP-01103,2026-05-01,Biobío,Web,Insumos,Completada,4.0,157410.0,106431.0,11.07
OP-01104,2026-03-24,Antofagasta,Web,Insumos,Completada,2.0,103203.0,69305.0,9.99
OP-01105,2026-04-13,Antofagasta,Web,Repuestos,Pendiente,3.0,415554.0,315437.0,11.39
OP-01106,2026-06-01,Biobío,Ejecutivo,Insumos,Completada,1.0,42189.0,29852.0,9.42
OP-01107,2026-02-26,Metropolitana,Ejecutivo,Insumos,Completada,5.0,406082.0,289960.0,12.2
OP-01108,2026-01-31,Metropolitana,Ejecutivo,Servicios,Completada,4.0,331495.0,183397.0,13.38
OP-01109,2026-07-30,La Araucanía,Web,Equipamiento,Completada,4.0,898379.0,712057.0,30.68
OP-01110,2026-06-13,Antofagasta,Teléfono,Insumos,Completada,5.0,257943.0,178000.0,23.47
OP-01111,2026-06-12,Metropolitana,Web,Equipamiento,Completada,5.0,701952.0,495193.0,13.19
OP-01112,2026-04-28,La Araucanía,Ejecutivo,Insumos,Cancelada,8.0,343042.0,255758.0,28.1
OP-01113,2026-06-24,Biobío,Web,Equipamiento,Completada,7.0,1621307.0,1180489.0,15.61
OP-01114,2026-03-09,Metropolitana,Marketplace,Insumos,Completada,7.0,438291.0,277627.0,13.92
OP-01115,2026-07-04,Antofagasta,Ejecutivo,Servicios,Completada,4.0,257818.0,150732.0,27.2
OP-01116,2026-01-18,Biobío,Web,Servicios,Completada,3.0,224613.0,134428.0,18.18
OP-01117,2026-04-26,Biobío,Web,Insumos,Completada,3.0,167039.0,114058.0,32.27
OP-01118,2026-04-19,Metropolitana,Marketplace,Equipamiento,Completada,5.0,669557.0,498041.0,27.26
OP-01119,2026-08-23,Metropolitana,Web,Equipamiento,Pendiente,6.0,1196112.0,802451.0,19.34
OP-01120,2026-08-06,Antofagasta,Ejecutivo,Servicios,Completada,5.0,457328.0,274371.0,12.7
OP-01121,2026-05-11,Metropolitana,Ejecutivo,Equipamiento,Completada,4.0,451914.0,311237.0,12.84
OP-01122,2026-04-02,Maule,Ejecutivo,Insumos,Completada,5.0,268603.0,178656.0,17.83
OP-01123,2026-08-16,Metropolitana,Ejecutivo,Insumos,Completada,4.0,224648.0,153853.0,23.07
OP-01124,2026-06-16,Antofagasta,Ejecutivo,Insumos,Completada,1.0,34714.0,24511.0,17.84
OP-01125,2026-06-14,Metropolitana,Web,Insumos,Completada,5.0,198174.0,135397.0,26.24
OP-01126,2026-06-30,Valparaíso,Web,Repuestos,Completada,1.0,165945.0,139885.0,38.1
OP-01127,2026-03-04,Metropolitana,Ejecutivo,Equipamiento,Completada,9.0,1260504.0,909649.0,21.08
OP-01128,2026-07-24,Metropolitana,Web,Servicios,Cancelada,5.0,456394.0,263633.0,15.07
OP-01129,2026-02-08,Metropolitana,Web,Equipamiento,Completada,4.0,669683.0,483109.0,18.97
OP-01130,2026-08-31,La Araucanía,Ejecutivo,Insumos,Cancelada,1.0,43961.0,31288.0,16.23
OP-01131,2026-08-14,Metropolitana,,Insumos,Completada,2.0,124997.0,84570.0,5.44
OP-01132,2026-06-14,Valparaíso,Web,Servicios,Completada,5.0,568359.0,356873.0,18.4
OP-01133,2026-08-14,Metropolitana,Marketplace,Insumos,Completada,5.0,,194339.0,11.74
OP-01134,2026-05-05,Metropolitana,Ejecutivo,Equipamiento,Completada,3.0,870122.0,572896.0,17.51
OP-01135,2026-07-24,Antofagasta,Ejecutivo,Insumos,Completada,5.0,175144.0,123317.0,13.09
OP-01136,2026-05-13,Metropolitana,Ejecutivo,Insumos,Completada,6.0,343615.0,234282.0,23.9
OP-01137,2026-06-25,Maule,Marketplace,Servicios,Completada,4.0,299441.0,178979.0,16.19
OP-01138,2026-08-14,Metropolitana,Web,Repuestos,Completada,5.0,617819.0,509315.0,16.03
OP-01139,2026-02-26,Valparaíso,Ejecutivo,Repuestos,Completada,4.0,541429.0,427936.0,16.07
OP-01140,2026-03-15,Antofagasta,Marketplace,Servicios,Completada,7.0,720565.0,444517.0,19.07
OP-01141,2026-08-15,Metropolitana,Marketplace,Equipamiento,Completada,2.0,,217464.0,8.2
OP-01142,2026-05-04,Metropolitana,Ejecutivo,Insumos,Completada,2.0,131788.0,89269.0,14.21
OP-01143,2026-08-29,Maule,Web,Repuestos,Completada,4.0,481643.0,408495.0,26.19
OP-01144,2026-06-09,La Araucanía,Ejecutivo,Repuestos,Completada,3.0,437033.0,370765.0,22.9
OP-01145,2026-02-10,Metropolitana,Web,Insumos,Cancelada,5.0,245705.0,154627.0,15.0
OP-01146,2026-07-08,Metropolitana,Ejecutivo,Repuestos,Completada,4.0,501295.0,414860.0,19.6
OP-01147,2026-05-03,Valparaíso,Web,Insumos,Completada,1.0,47068.0,32503.0,19.02
OP-01148,2026-08-12,Valparaíso,Marketplace,Servicios,Completada,4.0,271289.0,178195.0,13.77
OP-01149,2026-06-01,La Araucanía,Ejecutivo,Insumos,Completada,6.0,293159.0,209303.0,25.96
OP-01150,2026-06-17,Metropolitana,Ejecutivo,Insumos,Completada,6.0,274880.0,186209.0,15.35
OP-01151,2026-03-02,Biobío,Web,Repuestos,Completada,3.0,652556.0,526292.0,27.64
OP-01152,2026-03-18,Metropolitana,Ejecutivo,Insumos,Completada,3.0,259645.0,182189.0,10.43
OP-01153,2026-06-20,Valparaíso,Web,Equipamiento,Completada,8.0,1539490.0,1119362.0,15.93
OP-01154,2026-06-10,Metropolitana,Ejecutivo,Equipamiento,Completada,6.0,1130693.0,809318.0,20.55
OP-01155,2026-04-10,Metropolitana,Teléfono,Equipamiento,Completada,6.0,1258017.0,911434.0,20.83
OP-01156,2026-07-17,Biobío,Ejecutivo,Repuestos,Completada,5.0,464161.0,356651.0,26.39
OP-01157,2026-01-26,Metropolitana,Ejecutivo,Repuestos,Completada,6.0,752381.0,619627.0,22.73
OP-01158,2026-06-18,La Araucanía,Marketplace,Repuestos,Cancelada,8.0,1092931.0,929996.0,66.88
OP-01159,2026-06-12,Antofagasta,Web,Insumos,Completada,4.0,255693.0,179435.0,17.42
OP-01160,2026-05-15,Metropolitana,Teléfono,Repuestos,Completada,3.0,414488.0,337379.0,11.53
OP-01161,2026-07-03,Biobío,Web,Servicios,Completada,3.0,245834.0,140587.0,22.03
OP-01162,2026-08-14,Maule,Ejecutivo,Servicios,Completada,5.0,513543.0,299055.0,12.49
OP-01163,2026-02-14,Biobío,Ejecutivo,Repuestos,Completada,6.0,,746539.0,20.9
OP-01164,2026-07-27,La Araucanía,Marketplace,Equipamiento,Cancelada,1.0,208385.0,166976.0,29.75
OP-01165,2026-01-28,Biobío,Web,Insumos,Completada,7.0,390496.0,265294.0,24.14
OP-01166,2026-01-22,Biobío,Teléfono,Insumos,Completada,4.0,242027.0,155785.0,23.14
OP-01167,2026-08-09,Metropolitana,Ejecutivo,Equipamiento,Completada,3.0,567182.0,419551.0,14.87
OP-01168,2026-05-19,Biobío,,Repuestos,Completada,2.0,198571.0,160887.0,104.82
OP-01169,2026-05-14,Antofagasta,Ejecutivo,Equipamiento,Completada,6.0,840370.0,622756.0,20.25
OP-01170,2026-05-22,Valparaíso,Ejecutivo,Equipamiento,Completada,4.0,820036.0,581848.0,14.44
OP-01171,2026-05-06,Metropolitana,Web,,Completada,2.0,118500.0,80780.0,15.36
OP-01172,2026-04-21,Biobío,Marketplace,Insumos,Completada,3.0,130936.0,93804.0,9.56
OP-01173,2026-05-22,Metropolitana,Marketplace,,Completada,3.0,129547.0,89140.0,22.09
OP-01174,2026-05-09,Metropolitana,Marketplace,Repuestos,Completada,5.0,547811.0,449251.0,20.17
OP-01175,2026-07-20,Metropolitana,Web,Servicios,Completada,3.0,281729.0,159938.0,20.28
OP-01176,2026-08-22,Metropolitana,Web,Servicios,Cancelada,2.0,177090.0,98896.0,18.36
OP-01177,2026-05-29,Metropolitana,Marketplace,Equipamiento,Completada,5.0,1101220.0,830459.0,12.3
OP-01178,2026-01-23,Metropolitana,Web,Equipamiento,Completada,4.0,569555.0,426461.0,21.97
OP-01179,2026-08-31,Valparaíso,Marketplace,Equipamiento,Completada,4.0,1136069.0,798801.0,15.42
OP-01180,2026-07-18,Antofagasta,Teléfono,Servicios,Completada,6.0,496939.0,289760.0,16.03
OP-01181,2026-08-09,Valparaíso,Marketplace,Servicios,Completada,3.0,293562.0,175670.0,14.93
OP-01182,2026-06-13,Metropolitana,Marketplace,Servicios,Completada,4.0,448723.0,274919.0,33.04
OP-01183,2026-06-24,Maule,Marketplace,Equipamiento,Completada,2.0,466797.0,354513.0,32.43
OP-01184,2026-03-05,La Araucanía,Web,Repuestos,Completada,6.0,675639.0,570999.0,29.2
OP-01185,2026-06-16,Metropolitana,Web,Equipamiento,Completada,7.0,884015.0,609219.0,31.15
OP-01186,2026-08-09,Maule,Web,Servicios,Completada,4.0,350978.0,191976.0,18.4
OP-01187,2026-07-19,Antofagasta,Web,Servicios,Completada,2.0,209061.0,123032.0,18.53
OP-01188,2026-06-02,Metropolitana,Web,Equipamiento,Completada,2.0,316109.0,222097.0,28.31
OP-01189,2026-08-28,Valparaíso,Web,Insumos,Completada,4.0,205714.0,138707.0,34.13
OP-01190,2026-05-02,Metropolitana,Web,Repuestos,Completada,2.0,268204.0,220572.0,31.84
OP-01191,2026-03-09,Metropolitana,Teléfono,Insumos,Completada,6.0,448041.0,305772.0,23.59
OP-01192,2026-04-16,Metropolitana,Ejecutivo,Equipamiento,Completada,3.0,571285.0,408546.0,6.9
OP-01193,2026-08-24,Metropolitana,Web,Repuestos,Completada,2.0,309167.0,259065.0,14.24
OP-01194,2026-05-03,Antofagasta,Ejecutivo,Equipamiento,Completada,2.0,337263.0,259895.0,8.99
OP-01195,2026-07-14,Metropolitana,Web,Repuestos,Completada,5.0,659336.0,550692.0,22.69
OP-01196,2026-07-21,Metropolitana,Ejecutivo,Servicios,Completada,5.0,572476.0,342640.0,18.74
OP-01197,2026-08-13,Antofagasta,Web,Equipamiento,Completada,2.0,435076.0,320816.0,5.92
OP-01198,2026-08-05,Metropolitana,Web,Servicios,Completada,1.0,107688.0,65017.0,15.79
OP-01199,2026-06-18,Valparaíso,Ejecutivo,Equipamiento,Completada,2.0,393638.0,276206.0,18.46
OP-01200,2026-04-10,La Araucanía,Ejecutivo,Insumos,Completada,6.0,371840.0,257951.0,13.5
OP-01201,2026-07-08,La Araucanía,Web,Insumos,Completada,3.0,176749.0,120722.0,13.93
OP-01202,2026-01-26,Maule,Ejecutivo,Servicios,Completada,2.0,265778.0,161506.0,15.37
OP-01203,2026-08-22,La Araucanía,Ejecutivo,Servicios,Cancelada,7.0,1032794.0,593399.0,25.56
OP-01204,2026-08-18,Antofagasta,Web,Servicios,Completada,5.0,349919.0,210683.0,10.59
OP-01205,2026-06-06,Maule,Marketplace,Equipamiento,Completada,4.0,741076.0,612826.0,20.42
OP-01206,2026-07-30,Antofagasta,Web,Repuestos,Pendiente,5.0,655807.0,551305.0,21.89
OP-01207,2026-08-09,Valparaíso,Marketplace,Servicios,Completada,4.0,274248.0,157734.0,16.16
OP-01208,2026-06-18,Metropolitana,Web,Servicios,Cancelada,7.0,747927.0,,25.36
OP-01209,2026-08-14,Metropolitana,Ejecutivo,Servicios,Completada,7.0,792217.0,452375.0,9.83
OP-01210,2026-04-01,Valparaíso,Marketplace,Equipamiento,Completada,144.0,17207101.0,12304056.0,17.57
OP-01211,2026-08-17,La Araucanía,Marketplace,Insumos,Completada,5.0,288551.0,213862.0,26.94
OP-01212,2026-02-22,Valparaíso,Web,Insumos,Completada,5.0,363623.0,257143.0,19.14
OP-01213,2026-06-18,La Araucanía,Web,Repuestos,Completada,5.0,529860.0,477559.0,41.15
OP-01214,2026-08-30,Biobío,Marketplace,Servicios,Pendiente,4.0,373447.0,229828.0,18.4
OP-01215,2026-08-29,La Araucanía,Web,Equipamiento,Completada,5.0,692829.0,507530.0,36.48
OP-01216,2026-02-09,Metropolitana,Marketplace,Equipamiento,Completada,5.0,643985.0,482256.0,28.33
OP-01217,2026-05-25,La Araucanía,Teléfono,Servicios,Completada,5.0,399845.0,255149.0,18.6
OP-01218,2026-05-27,Metropolitana,Web,Insumos,Completada,7.0,375907.0,257060.0,21.24
OP-01219,2026-08-10,La Araucanía,Marketplace,Insumos,Completada,3.0,204433.0,151379.0,56.64
OP-01220,2026-04-26,Biobío,Web,Insumos,Completada,4.0,197089.0,137511.0,35.16
OP-01221,2026-07-03,Metropolitana,Web,Equipamiento,Completada,4.0,720060.0,529538.0,19.59
OP-01222,2026-04-29,Antofagasta,Marketplace,Repuestos,Completada,1.0,110196.0,94859.0,26.45
OP-01223,2026-07-29,Metropolitana,Web,Servicios,Completada,7.0,662017.0,376810.0,18.76
OP-01224,2026-01-27,Metropolitana,Web,Equipamiento,Completada,3.0,501730.0,349205.0,85.0
OP-01225,2026-08-17,Biobío,Marketplace,Equipamiento,Completada,2.0,280329.0,199670.0,24.06
OP-01226,2026-08-17,Metropolitana,Marketplace,,Cancelada,6.0,1568010.0,1130171.0,25.47
OP-01227,2026-04-22,Metropolitana,Ejecutivo,Repuestos,Completada,6.0,1044129.0,875359.0,30.54
OP-01228,2026-08-04,La Araucanía,Marketplace,Equipamiento,Completada,4.0,795742.0,647883.0,25.24
OP-01229,2026-02-08,Antofagasta,Marketplace,Insumos,Completada,3.0,128642.0,87770.0,27.85
OP-01230,2026-03-18,Valparaíso,Teléfono,Servicios,Cancelada,6.0,629601.0,380662.0,15.73
OP-01231,2026-05-07,Valparaíso,Web,Equipamiento,Completada,4.0,648213.0,456161.0,14.05
OP-01232,2026-06-01,Maule,Ejecutivo,Servicios,Completada,2.0,204701.0,116112.0,8.14
OP-01233,2026-08-06,Metropolitana,Web,Insumos,Completada,5.0,374391.0,255347.0,30.75
OP-01234,2026-08-30,Valparaíso,Web,Servicios,Completada,3.0,305988.0,173955.0,25.66
OP-01235,2026-03-13,La Araucanía,Web,Insumos,Cancelada,7.0,366349.0,266179.0,32.2
OP-01236,2026-07-22,Biobío,Ejecutivo,Repuestos,Completada,5.0,640344.0,526039.0,32.3
OP-01237,2026-04-09,Metropolitana,Marketplace,Equipamiento,Completada,2.0,449084.0,340151.0,26.2
OP-01238,2026-07-27,Maule,Web,Equipamiento,Completada,3.0,379319.0,263057.0,9.93
OP-01239,2026-07-05,Metropolitana,Teléfono,Equipamiento,Completada,7.0,996396.0,713298.0,26.99
OP-01240,2026-07-23,Biobío,Web,Equipamiento,Completada,9.0,1412292.0,1080260.0,17.63
OP-01241,2026-07-07,Metropolitana,Marketplace,Equipamiento,Completada,6.0,1605775.0,1250167.0,28.1
OP-01242,2026-02-15,Metropolitana,Ejecutivo,Insumos,Completada,7.0,320151.0,216191.0,30.61
OP-01243,2026-02-06,Valparaíso,Web,Equipamiento,Cancelada,6.0,1021016.0,735870.0,33.1
OP-01244,2026-08-01,Metropolitana,Web,Servicios,Completada,11.0,908950.0,515002.0,8.14
OP-01245,2026-07-26,Metropolitana,Web,Insumos,Completada,3.0,179873.0,126674.0,27.35
OP-01246,2026-08-13,Metropolitana,Ejecutivo,Repuestos,Completada,3.0,434262.0,343512.0,32.91
OP-01247,2026-07-31,Biobío,Marketplace,Equipamiento,Pendiente,6.0,894039.0,650622.0,21.41
OP-01248,2026-01-30,Metropolitana,Web,Servicios,Completada,4.0,330373.0,189718.0,18.75
OP-01249,2026-08-31,Maule,Marketplace,Equipamiento,Completada,8.0,2252877.0,1732808.0,9.2
OP-01250,2026-06-07,Metropolitana,Marketplace,Equipamiento,Completada,2.0,417042.0,310771.0,9.37
OP-01251,2026-03-29,Antofagasta,Teléfono,Insumos,Pendiente,2.0,76842.0,50346.0,15.39
OP-01252,2026-01-15,Antofagasta,Ejecutivo,Repuestos,Completada,2.0,231782.0,190136.0,25.37
OP-01253,2026-08-21,Valparaíso,Web,Servicios,Completada,2.0,198882.0,118523.0,9.06
OP-01254,2026-06-18,Metropolitana,Web,Insumos,Completada,9.0,530400.0,387577.0,24.8
OP-01255,2026-07-30,La Araucanía,Ejecutivo,Equipamiento,Completada,3.0,354418.0,269586.0,55.95
OP-01256,2026-07-09,Maule,Ejecutivo,Equipamiento,Completada,4.0,454930.0,349668.0,30.56
OP-01257,2026-06-22,Maule,Web,Insumos,Completada,6.0,3334144.0,2254143.0,26.6
OP-01258,2026-03-22,Metropolitana,Web,Equipamiento,Completada,1.0,235308.0,163754.0,17.16
OP-01259,2026-08-16,Biobío,Web,Servicios,Completada,4.0,513603.0,293090.0,8.34
OP-01260,2026-04-15,Biobío,Web,Insumos,Completada,2.0,122386.0,86251.0,11.55
OP-01261,2026-01-01,La Araucanía,Web,Equipamiento,Completada,1.0,146456.0,118551.0,18.31
OP-01262,2026-05-06,Metropolitana,Ejecutivo,Repuestos,Completada,6.0,727414.0,565514.0,21.5
OP-01263,2026-03-06,Valparaíso,Web,Equipamiento,Completada,8.0,1344423.0,946773.0,11.35
OP-01264,2026-08-03,Metropolitana,Marketplace,Equipamiento,Completada,6.0,1106804.0,894673.0,29.48
OP-01265,2026-05-31,Valparaíso,Web,Equipamiento,Completada,4.0,753201.0,548208.0,14.25
OP-01266,2026-04-13,Maule,Ejecutivo,Insumos,Completada,3.0,132501.0,91893.0,14.79
OP-01267,2026-08-30,Maule,Web,Insumos,Completada,6.0,397838.0,273420.0,19.62
OP-01268,2026-08-01,Metropolitana,Web,Equipamiento,Completada,1.0,135117.0,95034.0,31.17
OP-01269,2026-03-22,Maule,Marketplace,Insumos,Completada,1.0,54117.0,38275.0,10.73
OP-01270,2026-02-06,Biobío,Marketplace,Equipamiento,Completada,7.0,2026922.0,1477134.0,10.77
OP-01271,2026-06-01,Metropolitana,Marketplace,Equipamiento,Completada,3.0,532990.0,373423.0,10.2
OP-01272,2026-08-26,Antofagasta,Ejecutivo,Repuestos,Completada,5.0,604460.0,493444.0,8.81
OP-01273,2026-05-15,Metropolitana,Marketplace,Equipamiento,Completada,2.0,407795.0,308938.0,11.81
OP-01274,2026-08-18,Biobío,Marketplace,Insumos,Completada,3.0,185254.0,121282.0,13.73
OP-01275,2026-02-20,Metropolitana,Ejecutivo,Equipamiento,Cancelada,5.0,913404.0,688797.0,11.05
OP-01276,2026-07-14,Metropolitana,Marketplace,Servicios,Completada,1.0,122653.0,71320.0,19.52
OP-01277,2026-02-21,Antofagasta,Ejecutivo,Equipamiento,Completada,5.0,722131.0,499350.0,17.96
OP-01278,2026-05-25,Metropolitana,Web,Servicios,Completada,3.0,292959.0,180709.0,11.18
OP-01279,2026-08-01,Metropolitana,Web,Equipamiento,Completada,4.0,840375.0,593858.0,32.11
OP-01280,2026-05-22,Valparaíso,Web,Insumos,Completada,6.0,350770.0,230904.0,33.05
OP-01281,2026-05-21,Metropolitana,Ejecutivo,Equipamiento,Completada,3.0,365619.0,258827.0,21.19
OP-01282,2026-07-29,Metropolitana,Web,Servicios,Completada,5.0,503055.0,302798.0,16.23
OP-01283,2026-06-05,Biobío,Web,Insumos,Completada,39.0,1015642.0,705178.0,14.57
OP-01284,2026-06-11,Valparaíso,Marketplace,Equipamiento,Completada,2.0,270304.0,209788.0,12.45
OP-01285,2026-08-12,Antofagasta,Teléfono,Servicios,Completada,6.0,546696.0,333951.0,15.33
OP-01286,2026-08-29,Metropolitana,Web,Insumos,Pendiente,2.0,111947.0,74895.0,12.9
OP-01287,2026-06-14,Metropolitana,Marketplace,Servicios,Completada,5.0,474127.0,289199.0,13.48
OP-01288,2026-01-02,Metropolitana,Marketplace,Repuestos,Completada,3.0,339990.0,295859.0,21.19
OP-01289,2026-07-19,Metropolitana,Ejecutivo,Repuestos,Completada,1.0,104269.0,88873.0,26.18
OP-01290,2026-07-18,Metropolitana,Web,Equipamiento,Completada,6.0,1111965.0,873269.0,6.15
OP-01291,2026-02-10,Valparaíso,Ejecutivo,Insumos,Completada,2.0,108015.0,78396.0,15.3
OP-01292,2026-08-11,Metropolitana,Marketplace,Insumos,Completada,2.0,97595.0,72065.0,16.33
OP-01293,2026-05-06,La Araucanía,Teléfono,Servicios,Completada,3.0,252639.0,152313.0,20.22
OP-01294,2026-04-02,Metropolitana,Marketplace,Servicios,Completada,1.0,112994.0,68485.0,24.34
OP-01295,2026-08-04,Valparaíso,Marketplace,Equipamiento,Completada,6.0,1038270.0,756212.0,12.5
OP-01296,2026-03-06,Valparaíso,Teléfono,Insumos,Completada,2.0,102119.0,66619.0,12.23
OP-01297,2026-08-10,Antofagasta,Ejecutivo,Equipamiento,Completada,7.0,1319230.0,951142.0,8.09
OP-01298,2026-08-21,Maule,Web,Equipamiento,Cancelada,7.0,1312079.0,962430.0,22.34
OP-01299,2026-06-07,Valparaíso,Ejecutivo,Insumos,Completada,2.0,97870.0,67286.0,18.79
OP-01300,2026-04-30,Biobío,Web,Repuestos,Completada,4.0,,520549.0,26.15
OP-01301,2026-07-22,Maule,Marketplace,Repuestos,Cancelada,4.0,515148.0,429171.0,20.35
OP-01302,2026-07-03,Maule,Web,Equipamiento,Completada,2.0,424548.0,279436.0,26.34
OP-01303,2026-03-05,Valparaíso,Web,Insumos,Completada,1.0,43833.0,29171.0,31.32
OP-01304,2026-02-05,Valparaíso,Teléfono,Insumos,Completada,7.0,547583.0,370286.0,21.16
OP-01305,2026-07-25,Antofagasta,Web,Equipamiento,Completada,4.0,754975.0,553543.0,21.25
OP-01306,2026-08-12,Metropolitana,Ejecutivo,Insumos,Completada,6.0,273524.0,191087.0,13.65
OP-01307,2026-07-30,Metropolitana,Marketplace,Servicios,Completada,6.0,722749.0,410953.0,10.91
OP-01308,2026-07-05,Valparaíso,,Insumos,Completada,2.0,108072.0,68644.0,13.68
OP-01309,2026-04-20,Metropolitana,Web,Repuestos,Completada,2.0,223960.0,176612.0,36.2
OP-01310,2026-03-23,Metropolitana,Web,Insumos,Completada,4.0,183102.0,124152.0,24.75
OP-01311,2026-03-24,Maule,Marketplace,Repuestos,Completada,1.0,126268.0,104118.0,25.99
OP-01312,2026-06-15,Metropolitana,Ejecutivo,Equipamiento,Completada,7.0,1546392.0,1061954.0,17.56
OP-01313,2026-01-19,Antofagasta,Web,Servicios,Completada,3.0,210972.0,116361.0,16.71
OP-01314,2026-04-01,Metropolitana,Web,Insumos,Completada,4.0,199428.0,137034.0,15.87
OP-01315,2026-01-09,Antofagasta,Ejecutivo,Equipamiento,Completada,2.0,319579.0,237555.0,20.13
OP-01316,2026-07-04,Metropolitana,Web,Insumos,Pendiente,8.0,412018.0,264660.0,11.49
OP-01317,2026-04-20,Metropolitana,Ejecutivo,Repuestos,Completada,5.0,730897.0,579872.0,24.73
OP-01318,2026-08-27,Valparaíso,Ejecutivo,Equipamiento,Completada,8.0,1215429.0,836530.0,16.03
OP-01319,2026-01-11,Metropolitana,Web,Insumos,Completada,3.0,172945.0,118131.0,7.04
OP-01320,2026-06-28,Metropolitana,Ejecutivo,Equipamiento,Completada,5.0,925069.0,666204.0,21.4
OP-01321,2026-02-28,Maule,Web,Insumos,Completada,6.0,329456.0,230027.0,26.3
OP-01322,2026-06-26,Valparaíso,Web,Insumos,Completada,4.0,236248.0,156754.0,15.55
OP-01323,2026-05-09,Metropolitana,Marketplace,Insumos,Completada,3.0,197362.0,144479.0,15.43
OP-01324,2026-06-09,Biobío,Web,Insumos,Cancelada,7.0,413460.0,278594.0,21.93
OP-01325,2026-01-18,Antofagasta,Marketplace,Insumos,Completada,3.0,154523.0,106427.0,7.45
OP-01326,2026-05-25,La Araucanía,Web,Equipamiento,Completada,3.0,623852.0,490085.0,27.01
OP-01327,2026-06-26,Metropolitana,Teléfono,Equipamiento,Cancelada,7.0,1478788.0,1029061.0,27.35
OP-01328,2026-08-24,Valparaíso,Web,Insumos,Completada,2.0,166053.0,109766.0,19.68
OP-01329,2026-02-23,Antofagasta,Web,Equipamiento,Completada,4.0,613160.0,443809.0,27.39
OP-01330,2026-03-11,Metropolitana,Web,Repuestos,Cancelada,5.0,850102.0,696824.0,17.68
OP-01331,2026-07-11,Metropolitana,Marketplace,Servicios,Completada,4.0,371973.0,227680.0,13.95
OP-01332,2026-05-01,Metropolitana,Marketplace,Insumos,Completada,4.0,201281.0,144807.0,23.66
OP-01333,2026-08-08,Metropolitana,Web,Servicios,Completada,6.0,736995.0,436949.0,26.26
OP-01334,2026-07-20,Maule,Marketplace,Insumos,Completada,5.0,272181.0,189474.0,21.88
OP-01335,2026-01-10,Metropolitana,Marketplace,Insumos,Completada,4.0,228012.0,160690.0,7.44
OP-01336,2026-03-02,Metropolitana,Web,Insumos,Completada,7.0,312895.0,219102.0,17.72
OP-01337,2026-08-10,Biobío,Teléfono,Equipamiento,Completada,6.0,614878.0,457118.0,134.63
OP-01338,2026-06-13,Biobío,Ejecutivo,Servicios,Cancelada,5.0,529898.0,328227.0,17.72
OP-01339,2026-03-05,Biobío,Web,Insumos,Completada,2.0,82305.0,56930.0,8.41
OP-01340,2026-06-24,Metropolitana,Marketplace,Insumos,Completada,9.0,326590.0,226130.0,22.68
OP-01341,2026-08-07,Metropolitana,Ejecutivo,Servicios,Completada,4.0,465667.0,282517.0,15.47
OP-01342,2026-08-15,Metropolitana,Marketplace,Equipamiento,Completada,3.0,626672.0,431557.0,15.05
OP-01343,2026-06-27,Metropolitana,Web,Servicios,Completada,7.0,573326.0,293993.0,17.17
OP-01344,2026-03-22,Metropolitana,Ejecutivo,Insumos,Completada,3.0,144046.0,106462.0,11.86
OP-01345,2026-05-29,Metropolitana,Web,Equipamiento,Completada,5.0,861070.0,630309.0,8.13
OP-01346,2026-02-15,La Araucanía,Ejecutivo,Insumos,Completada,7.0,362173.0,256045.0,54.27
OP-01347,2026-08-20,Metropolitana,Marketplace,Servicios,Completada,2.0,272094.0,157324.0,13.4
OP-01348,2026-08-31,Metropolitana,Teléfono,Insumos,Completada,3.0,142343.0,99065.0,13.32
OP-01349,2026-07-14,Biobío,Ejecutivo,Insumos,Completada,3.0,185410.0,125162.0,12.79
OP-01350,2026-07-30,Antofagasta,Teléfono,Equipamiento,Completada,4.0,587693.0,425555.0,8.61
OP-01351,2026-08-12,Metropolitana,Web,Repuestos,Completada,9.0,1175275.0,915807.0,11.47
OP-01352,2026-07-01,Biobío,Web,Insumos,Completada,2.0,114145.0,80664.0,31.91
OP-01353,2026-05-12,Metropolitana,Teléfono,Equipamiento,Completada,3.0,585422.0,422466.0,12.52
OP-01354,2026-03-27,Metropolitana,Teléfono,Insumos,Completada,4.0,188614.0,119776.0,11.56
OP-01355,2026-03-09,Metropolitana,Teléfono,Servicios,Completada,4.0,252233.0,152476.0,22.29
OP-01356,2026-02-12,Metropolitana,Marketplace,Servicios,Completada,2.0,111978.0,68409.0,22.2
OP-01357,2026-08-16,Valparaíso,Web,Insumos,Completada,4.0,272864.0,181764.0,12.8
OP-01358,2026-08-29,Metropolitana,Web,Equipamiento,Completada,3.0,466090.0,341681.0,29.52
OP-01359,2026-04-15,Metropolitana,Ejecutivo,Servicios,Completada,5.0,469556.0,272718.0,12.77
OP-01360,2026-08-07,Metropolitana,Web,Insumos,Completada,5.0,284670.0,184185.0,17.74
OP-01361,2026-02-19,Metropolitana,Ejecutivo,Equipamiento,Completada,3.0,577021.0,413778.0,10.28
OP-01362,2026-07-16,Metropolitana,Ejecutivo,Repuestos,Completada,7.0,781760.0,655836.0,35.1
OP-01363,2026-08-09,Metropolitana,Web,Insumos,Completada,1.0,49248.0,34644.0,18.5
OP-01364,2026-04-09,Metropolitana,Ejecutivo,Repuestos,Completada,3.0,346721.0,287302.0,21.64
OP-01365,2026-05-04,Metropolitana,Web,Equipamiento,Completada,10.0,2166222.0,1488103.0,15.34
OP-01366,2026-07-05,La Araucanía,Web,Equipamiento,Completada,3.0,690627.0,525861.0,22.5
OP-01367,2026-01-30,Valparaíso,Marketplace,Equipamiento,Completada,5.0,897318.0,620005.0,25.25
OP-01368,2026-01-14,Biobío,Web,Equipamiento,Completada,3.0,840546.0,582851.0,11.07
OP-01369,2026-07-29,Metropolitana,Teléfono,Servicios,Completada,4.0,392935.0,238365.0,21.97
OP-01370,2026-05-06,Metropolitana,Ejecutivo,Servicios,Completada,7.0,6036983.0,3562695.0,10.05
OP-01371,2026-07-10,La Araucanía,Marketplace,Insumos,Completada,2.0,197106.0,144303.0,31.6
OP-01372,2026-08-16,Metropolitana,Web,Insumos,Completada,6.0,380405.0,267086.0,17.82
OP-01373,2026-02-09,Valparaíso,Web,Equipamiento,Completada,4.0,584534.0,418582.0,10.71
OP-01374,2026-07-28,Metropolitana,Web,Servicios,Completada,5.0,455945.0,253477.0,12.0
OP-01375,2026-06-02,Maule,Ejecutivo,Insumos,Completada,1.0,47074.0,33257.0,16.7
OP-01376,2026-05-19,Metropolitana,Web,Insumos,Completada,2.0,78691.0,53938.0,26.46
OP-01377,2026-01-29,Valparaíso,Marketplace,Insumos,Completada,7.0,386412.0,277438.0,5.69
OP-01378,2026-07-06,Maule,Marketplace,Repuestos,Completada,5.0,719605.0,563193.0,18.23
OP-01379,2026-07-15,La Araucanía,Ejecutivo,Servicios,Completada,4.0,417328.0,260474.0,29.23
OP-01380,2026-01-24,Biobío,Web,Equipamiento,Completada,2.0,576021.0,413219.0,20.7
OP-01381,2026-03-04,Metropolitana,Web,Repuestos,Cancelada,6.0,7425628.0,5851707.0,23.52
OP-01382,2026-05-09,Metropolitana,Web,Insumos,Completada,2.0,113361.0,79954.0,14.22
OP-01383,2026-07-14,Biobío,Teléfono,Insumos,Completada,6.0,418929.0,264839.0,26.54
OP-01384,2026-04-08,Metropolitana,Marketplace,Insumos,Completada,3.0,182126.0,130396.0,22.48
OP-01385,2026-06-13,Metropolitana,Web,Insumos,Completada,5.0,289807.0,202319.0,38.62
OP-01386,2026-02-13,Antofagasta,Ejecutivo,Servicios,Completada,8.0,1272586.0,758891.0,10.17
OP-01387,2026-03-18,Antofagasta,Web,Insumos,Completada,6.0,277194.0,177895.0,16.13
OP-01388,2026-06-10,Valparaíso,Web,Equipamiento,Completada,6.0,1673482.0,1266237.0,22.26
OP-01389,2026-08-14,Antofagasta,Teléfono,Insumos,Completada,3.0,134105.0,94307.0,12.07
OP-01390,2026-06-16,Valparaíso,Web,Insumos,Completada,6.0,283381.0,195305.0,24.15
OP-01391,2026-02-11,Biobío,Ejecutivo,Insumos,Completada,5.0,292533.0,211865.0,13.66
OP-01392,2026-02-20,Metropolitana,Web,Equipamiento,Completada,1.0,142704.0,108097.0,25.88
OP-01393,2026-07-24,Metropolitana,Ejecutivo,Repuestos,Cancelada,3.0,276494.0,231901.0,32.21
OP-01394,2026-06-25,Biobío,Web,Equipamiento,Completada,5.0,760524.0,560177.0,19.63
OP-01395,2026-06-18,Metropolitana,Marketplace,Equipamiento,Completada,4.0,668084.0,531058.0,10.61
OP-01396,2026-02-09,Biobío,Marketplace,Insumos,Completada,4.0,212480.0,157409.0,15.45
OP-01397,2026-07-29,Metropolitana,,Insumos,Completada,4.0,239857.0,166206.0,14.85
OP-01398,2026-08-13,Biobío,Web,Equipamiento,Completada,3.0,682037.0,473144.0,12.05
OP-01399,2026-04-12,Metropolitana,Web,Repuestos,Completada,8.0,941219.0,799272.0,16.35
OP-01400,2026-05-16,Biobío,Ejecutivo,Equipamiento,Completada,5.0,814112.0,558525.0,12.95
OP-01401,2026-06-21,La Araucanía,Web,Servicios,Completada,1.0,71882.0,43550.0,21.63
OP-01402,2026-06-17,Metropolitana,Web,Repuestos,Completada,6.0,841821.0,710111.0,27.83
OP-01403,2026-04-22,Maule,Web,Equipamiento,Cancelada,5.0,682177.0,504928.0,12.14
OP-01404,2026-04-21,Valparaíso,Web,Insumos,Completada,6.0,403407.0,275897.0,9.96
OP-01405,2026-08-13,Metropolitana,Teléfono,Servicios,Completada,5.0,428081.0,249483.0,15.41
OP-01406,2026-05-23,Valparaíso,Web,Equipamiento,Completada,4.0,866780.0,602226.0,14.62
OP-01407,2026-05-10,Biobío,Ejecutivo,Servicios,Completada,4.0,334521.0,197435.0,11.73
OP-01408,2026-03-04,Valparaíso,Web,Servicios,Completada,5.0,488571.0,285784.0,12.02
OP-01409,2026-08-20,Metropolitana,Marketplace,,Completada,5.0,196319.0,145468.0,12.02
OP-01410,2026-05-30,Valparaíso,Web,Insumos,Completada,4.0,185697.0,127743.0,15.5
OP-01411,2026-01-18,Metropolitana,Ejecutivo,Servicios,Completada,1.0,77691.0,46250.0,26.49
OP-01412,2026-02-10,Metropolitana,Web,Servicios,Completada,6.0,646664.0,379733.0,22.19
OP-01413,2026-01-04,Metropolitana,Web,Equipamiento,Completada,5.0,614331.0,428480.0,13.81
OP-01414,2026-01-29,Metropolitana,,Insumos,Completada,3.0,147398.0,94416.0,19.53
OP-01415,2026-04-04,Metropolitana,Web,Servicios,Completada,4.0,480664.0,278024.0,17.12
OP-01416,2026-05-01,Biobío,Marketplace,,Completada,7.0,400237.0,300489.0,12.31
OP-01417,2026-07-26,Metropolitana,Ejecutivo,Insumos,Completada,2.0,143181.0,94489.0,21.89
OP-01418,2026-04-01,Metropolitana,Ejecutivo,Equipamiento,Completada,6.0,840555.0,628166.0,25.51
OP-01419,2026-04-11,Metropolitana,,Equipamiento,Completada,1.0,179996.0,132322.0,20.13
OP-01420,2026-01-10,Metropolitana,Marketplace,Insumos,Completada,6.0,272025.0,193946.0,26.17
OP-01421,2026-03-01,Valparaíso,Ejecutivo,Servicios,Completada,1.0,68852.0,41017.0,18.5
OP-01422,2026-02-20,Metropolitana,Ejecutivo,Insumos,Completada,1.0,52508.0,34761.0,15.53
OP-01423,2026-03-22,Metropolitana,Ejecutivo,Insumos,Completada,5.0,238301.0,159775.0,15.79
OP-01424,2026-01-08,Biobío,Web,Servicios,Completada,5.0,541121.0,321129.0,9.29
OP-01425,2026-07-01,Antofagasta,Web,Equipamiento,Completada,7.0,1201802.0,875196.0,13.46
OP-01426,2026-02-03,Antofagasta,Web,Equipamiento,Completada,3.0,444605.0,327908.0,19.02
OP-01427,2026-07-29,Maule,Marketplace,Insumos,Completada,3.0,101684.0,71430.0,19.78
OP-01428,2026-03-26,Biobío,Ejecutivo,Servicios,Completada,7.0,555147.0,326025.0,61.79
OP-01429,2026-06-17,Valparaíso,Ejecutivo,Equipamiento,Completada,7.0,989766.0,736618.0,28.79
OP-01430,2026-03-24,Metropolitana,Web,Servicios,Completada,6.0,607894.0,341607.0,10.85
OP-01431,2026-02-01,Valparaíso,Marketplace,Equipamiento,Completada,7.0,871862.0,632641.0,16.5
OP-01432,2026-04-07,Maule,Marketplace,Servicios,Completada,7.0,616719.0,375734.0,16.14
OP-01433,2026-03-06,Metropolitana,Web,Insumos,Completada,1.0,56639.0,36081.0,11.32
OP-01434,2026-08-09,Metropolitana,Web,Servicios,Completada,2.0,151042.0,83893.0,17.86
OP-01435,2026-07-27,Antofagasta,Marketplace,Repuestos,Completada,3.0,412326.0,336438.0,42.98
OP-01436,2026-08-14,Valparaíso,Ejecutivo,Equipamiento,Completada,5.0,,641811.0,24.35
OP-01437,2026-05-10,Metropolitana,Marketplace,Equipamiento,Completada,4.0,592142.0,428730.0,16.49
OP-01438,2026-08-15,Metropolitana,Ejecutivo,Equipamiento,Completada,8.0,995774.0,714847.0,9.61
OP-01439,2026-07-03,Maule,Ejecutivo,Insumos,Completada,2.0,116146.0,82225.0,11.86
OP-01440,2026-08-06,Antofagasta,Teléfono,Insumos,Completada,4.0,175919.0,120658.0,14.93
OP-01441,2026-03-15,Antofagasta,Ejecutivo,Servicios,Completada,4.0,323776.0,186575.0,18.87
OP-01442,2026-01-29,Biobío,Web,Equipamiento,Completada,6.0,1086611.0,807823.0,17.2
OP-01443,2026-08-25,Biobío,Web,Equipamiento,Completada,10.0,1618374.0,1071483.0,10.98
OP-01444,2026-06-11,Biobío,Web,Equipamiento,Completada,2.0,468359.0,328977.0,15.26
OP-01445,2026-05-10,Metropolitana,Web,Equipamiento,Completada,2.0,390678.0,301349.0,18.83
OP-01446,2026-08-12,La Araucanía,Teléfono,Servicios,Completada,6.0,518489.0,320376.0,23.62
OP-01447,2026-06-01,La Araucanía,Web,Servicios,Completada,5.0,472145.0,291134.0,59.82
OP-01448,2026-05-28,Metropolitana,Marketplace,Equipamiento,Cancelada,4.0,870275.0,673802.0,17.49
OP-01449,2026-06-27,Valparaíso,Marketplace,Repuestos,Completada,1.0,159747.0,141677.0,46.18
OP-01450,2026-06-10,Metropolitana,Web,Equipamiento,Completada,3.0,652458.0,456330.0,25.04
OP-01451,2026-05-04,Biobío,Web,Insumos,Completada,6.0,194673.0,133113.0,27.48
OP-01452,2026-06-07,Valparaíso,Ejecutivo,Insumos,Completada,5.0,265703.0,187740.0,11.05
OP-01453,2026-05-16,Metropolitana,Web,Equipamiento,Completada,2.0,444397.0,316092.0,16.94
OP-01454,2026-08-28,Metropolitana,Web,Repuestos,Completada,5.0,670115.0,578649.0,32.27
OP-01455,2026-08-17,Metropolitana,,Servicios,Completada,7.0,675554.0,405117.0,14.48
OP-01456,2026-07-16,Metropolitana,Web,Equipamiento,Completada,5.0,618830.0,473347.0,23.76
OP-01457,2026-08-06,La Araucanía,Marketplace,Servicios,Completada,3.0,432079.0,271041.0,28.56
OP-01458,2026-02-10,Metropolitana,Web,Insumos,Completada,4.0,142402.0,100830.0,17.04
OP-01459,2026-08-20,Maule,Marketplace,Insumos,Pendiente,7.0,353529.0,240502.0,20.09
OP-01460,2026-04-05,Metropolitana,Web,Repuestos,Completada,5.0,456109.0,366163.0,34.14
OP-01461,2026-03-14,Metropolitana,Web,Insumos,Completada,7.0,541173.0,359442.0,10.45
OP-01462,2026-08-16,Biobío,Web,Servicios,Completada,5.0,340841.0,184602.0,5.68
OP-01463,2026-08-28,Antofagasta,Web,Insumos,Completada,6.0,222039.0,136102.0,15.88
OP-01464,2026-02-22,Metropolitana,Web,Insumos,Completada,7.0,227776.0,153869.0,28.6
OP-01465,2026-04-11,Biobío,Web,Servicios,Completada,3.0,287556.0,159948.0,19.67
OP-01466,2026-03-06,Metropolitana,Marketplace,Repuestos,Completada,4.0,565911.0,466237.0,20.26
OP-01467,2026-06-27,Metropolitana,Teléfono,Servicios,Completada,1.0,91379.0,53521.0,17.87
OP-01468,2026-03-03,Metropolitana,Web,Servicios,Completada,4.0,448166.0,265555.0,16.78
OP-01469,2026-01-24,Metropolitana,Web,Insumos,Completada,2.0,129224.0,87784.0,21.65
OP-01470,2026-03-07,Valparaíso,Web,Insumos,Completada,8.0,500145.0,337301.0,9.0
OP-01471,2026-01-25,Biobío,Ejecutivo,,Completada,6.0,542545.0,460032.0,15.4
OP-01472,2026-04-04,Biobío,Marketplace,Equipamiento,Completada,4.0,678622.0,517177.0,9.02
OP-01473,2026-05-08,Biobío,Web,Insumos,Completada,6.0,272151.0,182200.0,28.18
OP-01474,2026-02-08,La Araucanía,Teléfono,Insumos,Completada,4.0,254691.0,191452.0,19.37
OP-01475,2026-03-16,Valparaíso,Marketplace,Servicios,Pendiente,4.0,368158.0,210463.0,32.6
OP-01476,2026-02-26,La Araucanía,Teléfono,Equipamiento,Completada,5.0,580061.0,449692.0,20.56
OP-01477,2026-02-18,Metropolitana,Web,Equipamiento,Completada,6.0,1476263.0,1063316.0,27.15
OP-01478,2026-06-12,Valparaíso,Teléfono,Equipamiento,Completada,3.0,490959.0,354860.0,15.31
OP-01479,2026-07-31,Metropolitana,Marketplace,Equipamiento,Completada,2.0,294387.0,218396.0,8.7
OP-01480,2026-07-28,Valparaíso,Web,Equipamiento,Completada,5.0,902187.0,657059.0,16.11
OP-01481,2026-04-20,Valparaíso,Ejecutivo,Repuestos,Completada,4.0,693722.0,566581.0,12.32
OP-01482,2026-08-05,Valparaíso,Ejecutivo,Repuestos,Completada,2.0,160024.0,125035.0,45.73
OP-01483,2026-08-10,Maule,Web,Insumos,Completada,2.0,82802.0,56632.0,20.63
OP-01484,2026-07-24,La Araucanía,Marketplace,Insumos,Completada,4.0,182236.0,137953.0,36.04
OP-01485,2026-08-17,Metropolitana,Web,Equipamiento,Completada,3.0,728367.0,519650.0,23.72
OP-01486,2026-07-31,Metropolitana,Web,Servicios,Completada,1.0,73618.0,39300.0,12.01
OP-01487,2026-01-11,Metropolitana,Marketplace,Equipamiento,Completada,3.0,428785.0,322194.0,19.9
OP-01488,2026-06-04,Valparaíso,Teléfono,Insumos,Completada,3.0,209150.0,143219.0,23.6
OP-01489,2026-05-16,Metropolitana,Ejecutivo,Insumos,Completada,2.0,100053.0,66709.0,12.17
OP-01490,2026-05-04,La Araucanía,Marketplace,Insumos,Completada,1.0,61719.0,44011.0,25.19
OP-00241,2026-07-29,Valparaíso,Web,Insumos,Completada,2.0,140322.0,103943.0,27.39
OP-00280,2026-07-03,Biobío,Teléfono,Servicios,Completada,1.0,107395.0,59992.0,23.89
OP-00807,2026-05-31,Biobío,Ejecutivo,Equipamiento,Completada,4.0,711534.0,481902.0,6.54
OP-00760,2026-06-15,Antofagasta,Web,Repuestos,Completada,2.0,211490.0,171609.0,23.98
OP-00865,2026-03-30,Biobío,Ejecutivo,Repuestos,Cancelada,2.0,263812.0,226842.0,20.2
OP-00594,2026-05-16,Biobío,Web,Insumos,Completada,4.0,252938.0,176693.0,19.98
OP-00724,2026-03-02,Valparaíso,Marketplace,Equipamiento,Completada,1.0,179668.0,136265.0,8.11
OP-00703,2026-06-30,Antofagasta,Teléfono,Servicios,Completada,4.0,308417.0,182500.0,16.5
OP-01178,2026-01-23,Metropolitana,Web,Equipamiento,Completada,4.0,569555.0,426461.0,21.97
OP-00359,2026-03-11,Valparaíso,Web,Equipamiento,Completada,3.0,359700.0,260277.0,13.37
